tic,earnings_surprise_ratio,absolute_surprise,price_reaction,rolling_volatility,interest_rate,date
AAOI,0.2427793603288502,0.06733000000000003,0.670713,0.13618896674276057,0.044,2025-04-13
AAON,-0.051546391752577254,0.024999999999999967,0.004039,0.39245925219713773,0.044,2025-04-13
AAPL,0.4188853641974683,0.41330999999999996,-0.035386,0.03356043625194467,0.044,2025-04-13
ABBV,0.07742788579264401,0.1739099999999998,0.042878,0.030523320778950383,0.044,2025-04-13
ABCB,0.8438573053184794,0.7642899999999999,0.052803,0.03611316439093246,0.044,2025-04-13
ABCL,-0.2786885245901639,0.16999999999999998,0.272864,0.06279270030534516,0.044,2025-04-13
ABM,1.0809489127041931,0.31167,0.199816,0.06460472790179132,0.044,2025-04-13
ABNB,-0.18364258361659586,1.6818299999999997,0.133418,0.04499898505497951,0.044,2025-04-13
ABT,0.4811680067710536,0.45479999999999987,0.033266,0.021328685162338715,0.044,2025-04-13
ACCO,0.21904761904761905,0.345,0.019685,0.09664545516928348,0.044,2025-04-13
ACHL,-2.172413793103449,0.31500000000000006,-0.247583,0.07694559573979218,0.044,2025-04-13
ACIC,-0.013716856210599678,0.0043300000000000005,0.280639,0.06051790485695637,0.044,2025-04-13
ACIU,-1.8487398058968967,0.50099,-0.052356,0.06877709877836297,0.044,2025-04-13
ACLS,0.15038211184720154,0.26014000000000004,0.0,0.3180309485935614,0.044,2025-04-13
ACLX,-15.177288467237439,37.38667,-0.090537,0.09972124959059332,0.044,2025-04-13
ACNB,0.5808383233532936,0.4850000000000001,-0.095395,0.05326107433336816,0.044,2025-04-13
ACRE,-50.08467459762071,0.71571,0.04577,0.09360371069732756,0.044,2025-04-13
ACRV,0.26940639269406386,0.29499999999999993,-0.079768,0.10395304557018022,0.044,2025-04-13
ACU,-0.9636363636363636,0.53,-0.091268,0.04057886848374212,0.044,2025-04-13
ACVA,0.7630799605133267,0.19324999999999998,-0.111789,0.046814117169404354,0.044,2025-04-13
ACXP,0.15,0.03,-0.016216,0.6255774283947166,0.044,2025-04-13
ADAG,-2.82716049382716,1.145,0.032202,0.0690273585342272,0.044,2025-04-13
ADAP,-2.714285714285714,0.38,0.146739,0.06024675579343289,0.044,2025-04-13
ADBE,0.02767881611400388,0.09696000000000016,0.01806,0.6517571181403912,0.044,2025-04-13
ADC,0.17798971524364005,0.07857000000000003,0.012224,0.08608764096265996,0.044,2025-04-13
ADI,0.13950374611856522,0.29381999999999975,0.038263,0.06143170201855624,0.044,2025-04-13
ADIL,1.64,2.46,-0.10411,0.058129403689969716,0.044,2025-04-13
ADM,0.35098621994055657,0.49361999999999995,0.036187,0.03425164548409295,0.044,2025-04-13
ADMA,-0.03519668737060033,0.0061199999999999866,0.406667,0.14707083538426804,0.044,2025-04-13
ADN,-1.5833333333333335,5.700000000000001,-0.151408,0.08293792973497228,0.044,2025-04-13
ADTN,-10.473684210526317,0.9950000000000001,0.041308,0.04989052885826397,0.044,2025-04-13
ADUS,0.09568480300187614,0.06374999999999997,0.354752,0.125025974886527,0.044,2025-04-13
AEHR,1.0,0.02,0.879412,0.16561571805576816,0.044,2025-04-13
AEIS,0.5363432132763245,0.7401000000000002,-0.004682,0.11018361875578281,0.044,2025-04-13
AEMD,0.7087378640776699,7.300000000000001,-0.200461,0.058252777448025594,0.044,2025-04-13
AEP,0.0400385460613682,0.06814000000000009,0.012444,0.3212456645754236,0.044,2025-04-13
AESI,-0.9554631828978621,0.6436,-0.058338,0.04535773635698492,0.044,2025-04-13
AEVA,-1.4,0.35,0.122243,0.035879434168197014,0.044,2025-04-13
AEYE,0.47540983606557374,0.145,0.576923,0.15302858290988303,0.044,2025-04-13
AFCG,0.310692336818804,0.10666999999999999,0.102506,0.04497432117860136,0.044,2025-04-13
AFIB,-30.300970873786408,31.21,-0.090261,0.04779294223464143,0.044,2025-04-13
AFL,0.2817926107029683,0.47486000000000006,-0.048142,0.03499502438911947,0.044,2025-04-13
AFMD,-2.7994770131640703,1.25257,0.234474,0.055928438015977314,0.044,2025-04-13
AFRM,-2.811901227904466,0.8335599999999999,-0.153749,0.045004816076332804,0.044,2025-04-13
AFYA,-0.43670886075949367,0.6900000000000001,0.06967,0.05656178812754421,0.044,2025-04-13
AGCO,0.7415593741695081,1.3114700000000001,0.089496,0.039598424476438805,0.044,2025-04-13
AGEN,0.5109494565508965,4.66667,-0.089202,0.040932441071467006,0.044,2025-04-13
AGFY,-1.2296231375985978,1403.0,-0.378156,0.09213290257985297,0.044,2025-04-13
AGIO,21.440824004126085,28.26844,0.034353,0.033688472021864674,0.044,2025-04-13
AGRO,-0.5942028985507246,0.4099999999999999,0.057674,0.05569503833553007,0.044,2025-04-13
AHCO,-11.782431974709269,2.0871399999999998,0.310616,0.05997760652439552,0.044,2025-04-13
AHH,-1.7088607594936709,0.16875,0.073582,0.07290942978177521,0.044,2025-04-13
AIG,-0.8463021699339099,0.6056900000000001,0.094809,0.053329966241026296,0.044,2025-04-13
AIR,1.9009009009009006,0.5486,-0.064483,0.03540855686600933,0.044,2025-04-13
AIRG,-0.31687242798353915,0.019250000000000003,-0.008606,0.7195108936742782,0.044,2025-04-13
AISP,-inf,0.02,0.134921,0.2960313063999726,0.044,2025-04-13
AIV,-16.833333333333336,1.01,0.001377,0.0780066636165453,0.044,2025-04-13
AKA,-103.85714285714285,16.357499999999998,-0.360827,0.07753722599937411,0.044,2025-04-13
AKAM,0.022010618939601538,0.035319999999999796,-0.012617,0.798791963105881,0.044,2025-04-13
AKBA,1.7319013524264122,0.54425,0.053697,0.07730200154063702,0.044,2025-04-13
AKRO,0.5267288156113453,0.47857,0.05218,0.039784037287847095,0.044,2025-04-13
AKYA,-0.6623376623376622,0.19124999999999998,-0.296116,0.06749767505196322,0.044,2025-04-13
ALC,0.16579232242484787,0.09954999999999992,0.088354,0.0942328749188471,0.044,2025-04-13
ALCO,-9.857142857142856,2.76,-0.067634,0.03329637746753658,0.044,2025-04-13
ALDX,0.3438411816443061,0.24629,-0.354582,0.10226838997140653,0.044,2025-04-13
ALEC,1.0243961941937059,0.8398,0.323774,0.0721458618152272,0.044,2025-04-13
ALEX,0.2533783783783784,0.75,0.043523,0.03010078168895835,0.044,2025-04-13
ALGN,2.52112676056338,1.611,0.349662,0.06590122114766983,0.044,2025-04-13
ALGS,-13.102564102564102,255.5,-0.135222,0.049256431481153586,0.044,2025-04-13
ALK,0.2764684602013535,0.31333,0.133932,0.03301803159257512,0.044,2025-04-13
ALKS,-0.5714842228282041,0.2934,0.163273,0.06155189548370208,0.044,2025-04-13
ALKT,1.1973684210526316,0.0182,0.102273,0.07167981669183938,0.044,2025-04-13
ALLK,-0.8470063106048945,1.6509,-0.114907,0.06910802437350778,0.044,2025-04-13
ALLY,-1.6312044528605039,1.13708,0.133481,0.04047171471285675,0.044,2025-04-13
ALMS,-2.5634400308522944,16.6175,0.015625,0.49309758033353046,0.044,2025-04-13
ALNY,1.8608686539008576,2.4858599999999997,0.028853,0.07028501747438445,0.044,2025-04-13
ALOT,-7.333333333333334,0.22,-0.187027,0.12240991970547174,0.044,2025-04-13
ALPP,-10.46153846153846,1.3599999999999999,-0.113513,0.08787703965046646,0.044,2025-04-13
ALRS,1.4444444444444442,0.585,0.034106,0.030129438842908647,0.044,2025-04-13
ALSN,0.33113104323039705,0.47512999999999983,0.139096,0.03235360140410779,0.044,2025-04-13
ALTG,-2.6210526315789475,0.6225,0.158218,0.052149066278498454,0.044,2025-04-13
ALTS,1.2210503047336343,0.38667,0.354271,0.0733931309413544,0.044,2025-04-13
ALV,-0.592874397227927,0.6553100000000001,-0.072847,0.03463055915496044,0.044,2025-04-13
ALX,0.6283783783783785,0.9300000000000002,0.004518,0.08456518446318897,0.044,2025-04-13
ALXO,-9.150150150150148,3.0469999999999997,-0.086102,0.0449769648472948,0.044,2025-04-13
ALZN,-3.8545454545454545,10.6,-0.220859,0.04566728763537557,0.044,2025-04-13
AMAL,0.32370637785800255,0.10760000000000003,-0.060068,0.06663042762157999,0.044,2025-04-13
AMAT,0.17507452751005753,0.3024499999999999,0.110299,0.05905785662782366,0.044,2025-04-13
AMCR,1.4725546434576202,0.14889,0.017101,0.07980501357108924,0.044,2025-04-13
AMD,0.2417582417582416,0.21999999999999986,-0.094189,0.04714644736148584,0.044,2025-04-13
AMG,0.13976207881969838,0.8412000000000006,0.048443,0.03758009414288722,0.044,2025-04-13
AMGN,0.14831680930846108,0.5644300000000002,0.046669,0.04137084463988315,0.044,2025-04-13
AMIX,-inf,2.47,-0.236897,0.09705804393715435,0.044,2025-04-13
AMKR,0.0526315789473683,0.00899999999999998,-0.009264,0.7193436079120707,0.044,2025-04-13
AMLX,-0.507042253521127,0.3600000000000001,0.070568,0.09864670586392196,0.044,2025-04-13
AMPG,-0.3333333333333334,0.04000000000000001,-0.111359,0.49410535652757415,0.044,2025-04-13
AMRK,3.1215277777777772,4.494999999999999,0.156608,0.06022585570396521,0.044,2025-04-13
AMS,-1.1428571428571428,0.08,-0.032154,0.2917712705934632,0.044,2025-04-13
AMSC,1.529380624669137,0.08667,0.358974,0.07121784222245693,0.044,2025-04-13
AMTM,0.8799999999999999,0.21999999999999997,-0.095458,0.053365602693978595,0.044,2025-04-13
AMWD,-0.5263870094722598,0.778,-0.123632,0.03892432934074254,0.044,2025-04-13
AMWL,-2.23943661971831,12.719999999999999,-0.180441,0.05650146942021731,0.044,2025-04-13
AMZN,6.052862229526157,0.44198000000000004,-0.036569,0.029585871202705297,0.044,2025-04-13
ANAB,-1.4391999564686768,3.70286,0.060658,0.0754779715163133,0.044,2025-04-13
ANDE,1.447090624264081,1.4133300000000002,0.117583,0.03519554785293099,0.044,2025-04-13
ANEB,0.6168582375478927,0.0805,0.480769,0.09006906811742356,0.044,2025-04-13
ANF,-1.3700608723841083,1.90185,-0.111111,0.06617666361581505,0.044,2025-04-13
ANGO,-3.0,0.0225,-0.270249,0.1572933553578282,0.044,2025-04-13
ANIK,-15.3293206243117,4.03667,-0.015122,0.19325991480381535,0.044,2025-04-13
ANNX,0.4069767441860465,0.35,0.104121,0.043869397792336166,0.044,2025-04-13
ANRO,-3.6415770609319,6.096,0.061074,0.14732241101971513,0.044,2025-04-13
ANSS,0.49684096934957045,0.8563700000000001,0.065823,0.05049720741776501,0.044,2025-04-13
ANTX,-0.16312243509557356,0.07433000000000001,0.646559,0.12852917274567408,0.044,2025-04-13
ANVS,-0.717133001149866,0.9355000000000002,0.009839,0.12067498839090336,0.044,2025-04-13
ANY,1.3846153846153846,0.36,-0.044661,0.29301195134400115,0.044,2025-04-13
AOMR,-8.978808285194523,2.81333,-0.084564,0.09502398886923537,0.044,2025-04-13
AOUT,2.111111111111111,0.5225,0.1258,0.0332879054671816,0.044,2025-04-13
AP,13.0,0.26,0.355932,0.14320513486563624,0.044,2025-04-13
APA,0.6111626237549727,0.20433,0.223055,0.07961339855496229,0.044,2025-04-13
APAM,0.16448803529546832,0.10028999999999999,0.041402,0.08657478708943894,0.044,2025-04-13
APD,-0.061501597444089486,0.18480000000000008,-0.155518,0.032983236003680354,0.044,2025-04-13
APEI,-8.560975609756097,2.6325,0.124767,0.06247096815858576,0.044,2025-04-13
APGE,-1.2209165687426558,2.078,0.077158,0.0680253988729667,0.044,2025-04-13
APLE,-0.30123617436564726,0.041669999999999985,0.120818,0.08555113785186222,0.044,2025-04-13
APLT,-1.4363749224084421,0.9256000000000001,-0.29788,0.09306045821616968,0.044,2025-04-13
APOG,1.4349566377585055,0.43019999999999997,0.133623,0.04719049095617811,0.044,2025-04-13
APPF,21.088698140200286,3.68525,-0.101117,0.08396723679434859,0.044,2025-04-13
APT,0.5862068965517241,3.71875,0.060215,0.060019029776340355,0.044,2025-04-13
APVO,5.195488721804511,11249.48,-0.108295,0.043256416481046604,0.044,2025-04-13
AQB,-0.9037240781708492,1.3766699999999998,-0.087033,0.06114436200567781,0.044,2025-04-13
AQMS,-0.3333333333333333,1.0,-0.328108,0.12745277134839486,0.044,2025-04-13
AQN,-0.3360294561477637,0.05567000000000001,-0.192007,0.10079784023605955,0.044,2025-04-13
AQST,-0.23076923076923067,0.08999999999999997,-0.346939,0.1128997887370075,0.044,2025-04-13
ARBE,-14.882352941176471,1.2650000000000001,0.085938,0.08738002218779971,0.044,2025-04-13
ARDS,-2.7792453197748044,1.42667,-0.074194,0.08271849004414257,0.044,2025-04-13
ARDT,-0.4316282179872951,0.12909999999999996,-0.008168,0.6255061916442681,0.044,2025-04-13
ARDX,61.0,0.061,0.321799,0.06758732258141331,0.044,2025-04-13
AREC,-0.28571428571428553,0.01999999999999999,0.036789,0.4910777453229594,0.044,2025-04-13
ARHS,1.3578947368421055,0.16125000000000003,0.239062,0.06350228818671358,0.044,2025-04-13
ARKO,-0.4042553191489361,0.04749999999999999,-0.008824,0.6256489292483737,0.044,2025-04-13
ARLP,-0.5087719298245613,0.2899999999999999,0.14864,0.03714538933286098,0.044,2025-04-13
ARMK,0.2985942660081246,0.10216999999999998,0.049946,0.0649409079776455,0.044,2025-04-13
AROW,0.39351711602544687,0.12990000000000002,0.095657,0.043123620791402424,0.044,2025-04-13
ARQT,0.5616438356164384,0.41,0.017522,0.7959749647195715,0.044,2025-04-13
ARRY,1.6127077658569124,0.29011,0.240492,0.08084784319736228,0.044,2025-04-13
ARTL,0.4444444444444445,2.4000000000000004,0.151416,0.06681236434814009,0.044,2025-04-13
ARTV,-4.002842524161455,17.6025,0.077,0.04957516544850657,0.044,2025-04-13
ARVN,-1.4082448079077887,3.24254,-0.053851,0.05190171505948775,0.044,2025-04-13
ARW,0.20809898762654663,0.9249999999999998,0.038935,0.018776188085099642,0.044,2025-04-13
ARWR,1.7021266636501227,1.09091,0.136235,0.059699149538493604,0.044,2025-04-13
ASAN,0.7042732515155995,0.04762999999999999,0.435317,0.09916517943787904,0.044,2025-04-13
ASGN,0.2786058460700629,0.23533000000000004,0.141873,0.0496821988063583,0.044,2025-04-13
ASH,1.3143386134540218,0.25556,0.159094,0.03705723609483398,0.044,2025-04-13
ASIX,0.9054182798532422,0.44666999999999996,0.141551,0.04185221222409493,0.044,2025-04-13
ASML,0.27649006622516553,0.835,0.062486,0.016705047213208445,0.044,2025-04-13
ASPI,-0.3333333333333333,0.03,-0.235294,0.05980213404707787,0.044,2025-04-13
ASPS,-1.6000000000000003,0.56,0.232479,0.07434683527902082,0.044,2025-04-13
ASPU,0.07692307692307698,0.0050000000000000044,-0.03125,0.6521478661305289,0.044,2025-04-13
ASTE,-1.0160771704180065,0.632,-0.222028,0.05507199682355001,0.044,2025-04-13
ASUR,-0.03761139219032214,0.18844999999999956,-0.121714,0.044624319044803816,0.044,2025-04-13
ASYS,-20.249999999999996,0.8099999999999999,-0.315526,0.08115975110850927,0.044,2025-04-13
ATAT,0.16697005917209745,0.39532999999999996,-0.035494,0.08506031172194291,0.044,2025-04-13
ATHA,-3.4800000000000004,0.8700000000000001,0.129582,0.060876909499293114,0.044,2025-04-13
ATKR,0.4367586298813807,1.6384999999999996,0.129451,0.035734226279563,0.044,2025-04-13
ATLX,-3.1923076923076925,0.8300000000000001,-0.255271,0.04682731402931155,0.044,2025-04-13
ATMU,0.280917931046925,0.15571000000000002,0.036352,0.07337944418501743,0.044,2025-04-13
ATNF,1.6923076923076923,83.6,-0.07874,0.03341937390419511,0.044,2025-04-13
ATNI,-23.857142857142858,1.6700000000000002,0.004662,0.07536551633687082,0.044,2025-04-13
ATNM,-1.6534653465346534,0.835,-0.016611,0.09777306318489574,0.044,2025-04-13
ATOM,-0.06666666666666674,0.010000000000000009,-0.051724,0.39325259481213587,0.044,2025-04-13
ATOS,-2.259259259259259,0.61,-0.096234,0.0664947278937293,0.044,2025-04-13
ATR,0.19402985074626866,0.13,0.008414,0.17352623967707143,0.044,2025-04-13
ATRA,0.6652267818574514,15.399999999999999,0.292011,0.07597972183222595,0.044,2025-04-13
ATRO,-4.6521739130434785,0.535,0.101567,0.04170138965077568,0.044,2025-04-13
ATUS,-3.0911345620775177,0.63563,-0.117271,0.026713204398597357,0.044,2025-04-13
ATXI,0.5428571428571428,106.875,0.035069,0.06807806787225636,0.044,2025-04-13
AUDC,-0.2651190939350711,0.061329999999999996,0.021,0.7975317772241537,0.044,2025-04-13
AUNA,-0.7909407665505226,0.45399999999999996,0.031957,0.20587604939324772,0.044,2025-04-13
AUPH,-2.656307129798903,0.56667,-0.090071,0.08748855065464615,0.044,2025-04-13
AUST,-2.54,0.127,0.168623,0.06077882534726135,0.044,2025-04-13
AUTL,0.13987031890962018,0.08455999999999997,0.35471,0.08000391156339678,0.044,2025-04-13
AUUD,0.6875,2.75,-0.083575,0.051477766770603506,0.044,2025-04-13
AVAV,2.8216073680590052,0.7383299999999999,0.207367,0.05349198656935973,0.044,2025-04-13
AVBP,0.3905058801195009,0.3908300000000001,-0.118644,0.04357173260326222,0.044,2025-04-13
AVD,-8.68421052631579,0.8250000000000001,0.040636,0.10170505478969841,0.044,2025-04-13
AVDX,0.13404400090723534,0.0059100000000000055,-0.29717,0.07145237579106986,0.044,2025-04-13
AVPT,-11.833333333333334,0.14200000000000002,-0.095548,0.04011829258901269,0.044,2025-04-13
AVT,0.41191922508619266,0.6272499999999999,0.120143,0.035886162721560616,0.044,2025-04-13
AVTE,-0.6216216216216215,0.1725,-0.112471,0.059156318717349686,0.044,2025-04-13
AVY,0.20480259240281953,0.44367,0.023332,0.03838613113660404,0.044,2025-04-13
AWI,0.21788772597526174,0.2862500000000001,0.070518,0.024821950221639053,0.044,2025-04-13
AWRE,2.5,0.2,-0.129032,0.03469236214296704,0.044,2025-04-13
AXL,3.303570092058977,0.8827799999999999,0.055965,0.06834747634436658,0.044,2025-04-13
AXP,0.6788281779318036,1.13217,0.037221,0.02199828488792822,0.044,2025-04-13
AXS,0.4130946773433819,0.6226699999999998,0.045747,0.024482307720280132,0.044,2025-04-13
AXTA,0.7891800097040271,0.26023999999999997,-0.029401,0.031994584427179444,0.044,2025-04-13
AXTI,0.3863775823276744,0.05667,0.692982,0.12781840161036945,0.044,2025-04-13
AYI,0.5911812470267876,0.72078,0.071756,0.47903710889478207,0.044,2025-04-13
AYTU,0.9591836734693877,47.0,0.078733,0.03718596819869974,0.044,2025-04-13
AZEK,0.1678345011678344,0.06035999999999997,-0.113439,0.09844865109441021,0.044,2025-04-13
AZO,0.31462410091229354,6.33736,0.003021,0.0762134844858571,0.044,2025-04-13
AZPN,0.7611694164925513,0.9508300000000003,-0.050684,0.045165484256450665,0.044,2025-04-13
BA,-17.280362279221244,7.26933,0.050742,0.026728833484101582,0.044,2025-04-13
BABA,0.27606089871044703,3.887599999999999,-0.082573,0.042962883994037596,0.044,2025-04-13
BAH,0.216921256454389,0.32264000000000004,0.092345,0.02657582258334223,0.044,2025-04-13
BAM,0.10139089936434001,0.03221999999999997,0.055386,0.04294967578710052,0.044,2025-04-13
BAND,0.6682764070594432,0.15222,0.517696,0.11833856886616362,0.044,2025-04-13
BANF,0.2831858407079647,0.32000000000000006,0.043046,0.026247209088199195,0.044,2025-04-13
BANX,0.2266666666666667,0.08500000000000002,0.009729,0.13638531434985696,0.044,2025-04-13
BAP,0.27045081268042365,4.0425499999999985,-0.006136,0.14618130770634283,0.044,2025-04-13
BARK,-0.273209549071618,0.025749999999999995,-0.219388,0.05395655743766478,0.044,2025-04-13
BAX,0.10092159622281745,0.08892,0.124913,0.12028774747486085,0.044,2025-04-13
BBCP,0.5945945945945946,0.044,0.172131,0.1942806586773789,0.044,2025-04-13
BBGI,-36.5,43.8,-0.104704,0.07004794765062111,0.044,2025-04-13
BBLG,-2.285714285714286,38.400000000000006,-0.131156,0.09766901559759504,0.044,2025-04-13
BBSI,0.410550920888244,0.10186999999999999,0.164243,0.05130086898016141,0.044,2025-04-13
BBU,1.125,1.89,0.065831,0.04476796852553835,0.044,2025-04-13
BC,0.5324307498648863,0.7782700000000002,0.034818,0.030731383242095442,0.044,2025-04-13
BCAB,-0.1229891930520513,0.08433000000000002,0.831025,0.15177088646538442,0.044,2025-04-13
BCAX,-2.4782608695652177,1.1400000000000001,-0.093483,0.04001843073482246,0.044,2025-04-13
BCH,-0.9948571134692198,0.58033,0.023529,0.04282564253815176,0.044,2025-04-13
BCML,-0.4177215189873418,0.165,0.094982,0.11235467572006998,0.044,2025-04-13
BCRX,0.9220789340398177,0.23667000000000002,-0.220077,0.07223312123548795,0.044,2025-04-13
BCS,2.4615384615384617,0.32,0.120482,0.051957067843919943,0.044,2025-04-13
BCSF,0.5035460992907803,0.17750000000000005,0.037795,0.07605812729325932,0.044,2025-04-13
BCYC,-6.7272727272727275,0.74,0.001418,0.42643241404070714,0.044,2025-04-13
BDSX,-0.4302159277217707,0.12333,-0.263211,0.053062241242390694,0.044,2025-04-13
BDTX,-2.37956204379562,3.26,0.053505,0.3691978165355059,0.044,2025-04-13
BDX,0.4622702146805501,1.4383999999999997,-0.000824,0.07695435077690853,0.044,2025-04-13
BEAM,-7.541455678061643,3.9466699999999997,-0.104444,0.0505065176330807,0.044,2025-04-13
BECN,0.27295431884843624,0.5639400000000001,0.000533,0.10875953887154326,0.044,2025-04-13
BEDU,-2.3260869565217392,4.28,-0.134969,0.038026098650842395,0.044,2025-04-13
BEKE,1.0929152148664343,0.4705,0.643488,0.1328489564029463,0.044,2025-04-13
BENF,0.996124031007752,2.5700000000000003,-0.208333,0.0668667237096341,0.044,2025-04-13
BEPC,-1.272727272727273,0.14,0.024065,0.10153266241008095,0.044,2025-04-13
BERY,0.3077055935256237,0.3741300000000001,0.003873,0.08645832806974794,0.044,2025-04-13
BFIN,-0.058823529411764754,0.010000000000000009,0.108853,0.06598228114616633,0.044,2025-04-13
BFRI,0.8529411764705882,5.8,-0.135338,0.055373997967884496,0.044,2025-04-13
BFS,0.11627906976744183,0.04999999999999999,-0.01914,0.14249501155278912,0.044,2025-04-13
BFST,0.3548299688389107,0.18333,0.231628,0.04379167524427247,0.044,2025-04-13
BGFV,0.9199999999999999,0.45999999999999996,0.311484,0.06340718152023748,0.044,2025-04-13
BGS,0.8411967779056387,0.18275000000000002,0.284925,0.08163150708856506,0.044,2025-04-13
BGSF,-0.1692307692307692,0.05499999999999999,-0.344583,0.1325958515957245,0.044,2025-04-13
BHIL,0.8956521220631662,6.00833,0.382114,0.07609853674261832,0.044,2025-04-13
BHRB,0.040000000000000036,0.07000000000000006,0.046815,0.024132692177980353,0.044,2025-04-13
BIAF,-0.11764705882352934,0.01999999999999999,0.034884,0.0842637526578175,0.044,2025-04-13
BIDU,0.4971700910294131,6.757690000000002,-0.039347,0.07791516229022884,0.044,2025-04-13
BIGC,0.29175126304358096,0.06179000000000001,-0.301132,0.08393804934171459,0.044,2025-04-13
BILI,0.22593902621046824,0.6509100000000001,0.118226,0.049933628585377594,0.044,2025-04-13
BIO,0.7384050717384051,2.213,-0.031946,0.025811464246144902,0.044,2025-04-13
BIRK,-0.05390793945010823,0.027920000000000056,0.021697,0.20587752249280256,0.044,2025-04-13
BIVI,-3.3879310344827585,78.6,-0.027363,0.08407144627906783,0.044,2025-04-13
BJDX,-4.0,1280.0,-0.164004,0.0606483557253482,0.044,2025-04-13
BK,-0.2857142857142857,0.248,0.015675,0.04890390517979483,0.044,2025-04-13
BKD,15.285714285714285,2.14,-0.135734,0.033491791879813194,0.044,2025-04-13
BKKT,120.40677966101694,355.2,0.10582,0.06920760009116275,0.044,2025-04-13
BKU,-1.668016194331984,0.8240000000000001,0.071121,0.04101124374316059,0.044,2025-04-13
BKYI,-4.666666666666666,20.16,-0.218478,0.08248649696375626,0.044,2025-04-13
BL,1.351887109418748,0.12071,0.180335,0.049781422876227194,0.044,2025-04-13
BLBD,-17.5,0.7000000000000001,-0.166802,0.04598444103459604,0.044,2025-04-13
BLBX,-0.3846153846153845,0.09999999999999998,1.07197,0.1938149703884145,0.044,2025-04-13
BLDE,-2.5294117647058822,0.3225,-0.303258,0.07063855650030583,0.044,2025-04-13
BLDR,1.0488449881847757,3.20462,0.078529,0.024341545505979754,0.044,2025-04-13
BLFY,-inf,0.64,0.028129,0.018637258143673736,0.044,2025-04-13
BLKB,0.692485364979491,0.34778,0.148011,0.03281720450507129,0.044,2025-04-13
BLMN,1.2495079201424686,0.39992999999999995,0.089205,0.024997695274457297,0.044,2025-04-13
BLND,-6.649617519124044,0.44333,-0.087462,0.04323215864684135,0.044,2025-04-13
BLPH,1.5454545454545454,0.765,0.192882,0.053519717304212046,0.044,2025-04-13
BLTE,-0.65,0.13,-0.079875,0.0824147852135966,0.044,2025-04-13
BLX,0.21428571428571436,0.18000000000000005,-0.020487,0.050845851509806965,0.044,2025-04-13
BMA,0.5592920353982302,0.31600000000000006,0.032858,0.06008160419220971,0.044,2025-04-13
BMBL,11.303305523286515,2.14062,0.096654,0.06090877921473697,0.044,2025-04-13
BMEA,-0.056692797287002626,0.04613999999999996,0.990279,0.18526549994287914,0.044,2025-04-13
BMI,0.20731707317073178,0.17000000000000004,0.166536,0.043697587585650066,0.044,2025-04-13
BMRN,2.244179085157678,2.7739399999999996,-0.021501,0.11112577802592837,0.044,2025-04-13
BMY,0.2722333534104458,0.4429399999999999,0.114425,0.0316417279321644,0.044,2025-04-13
BNAI,0.11111111111111106,0.01999999999999999,-0.251867,0.05901333936096943,0.044,2025-04-13
BNED,0.9091358024691358,73.64,-0.092359,0.04750639095328726,0.044,2025-04-13
BNTC,-272.99999999999994,46.41,0.129808,0.03965236352627185,0.044,2025-04-13
BNTX,0.541524268723187,5.00239,0.096004,0.06691496978254559,0.044,2025-04-13
BNZI,-0.7333333333333333,5.5,-0.130929,0.046865929024244225,0.044,2025-04-13
BOKF,0.40124128223174865,0.6271,0.046913,0.022881306834641083,0.044,2025-04-13
BOOM,0.7212973664150294,0.29333,0.268376,0.06385984787581918,0.044,2025-04-13
BP,0.32962275819418685,0.6396000000000002,0.008547,0.06570609618156334,0.044,2025-04-13
BPMC,-2.2812585449441274,3.75429,-0.099928,0.044473312638988335,0.044,2025-04-13
BPRN,2.566666666666667,0.77,-0.056169,0.0750588915345263,0.044,2025-04-13
BPTH,0.3820224719101124,6.800000000000001,0.160338,0.09259061141762548,0.044,2025-04-13
BRBR,0.3444474321054047,0.11529,0.005982,0.391859621054898,0.044,2025-04-13
BRDG,1.0533070088845018,0.26675000000000004,-0.073055,0.03868753957924369,0.044,2025-04-13
BRFH,-4.999999999999999,0.175,-0.192308,0.08411897098954785,0.044,2025-04-13
BRKL,-1.3181818181818183,0.29000000000000004,-0.142017,0.03941840331634933,0.044,2025-04-13
BRLT,11.0,0.022,-0.027473,0.6260401397279183,0.044,2025-04-13
BROS,2.1629082819294165,0.42778000000000005,-0.059697,0.12593420334731598,0.044,2025-04-13
BRT,16.916666666666664,2.03,0.053588,0.05664693742891006,0.044,2025-04-13
BSBR,0.22089568364756096,0.04089000000000001,0.134571,0.0396795814063741,0.044,2025-04-13
BSET,0.8,0.36000000000000004,0.112339,0.06778925020643554,0.044,2025-04-13
BSFC,-7.0,70.0,0.045655,0.19382127299075658,0.044,2025-04-13
BSGM,-0.9166666666666666,2.1999999999999997,0.162393,0.08509775652729162,0.044,2025-04-13
BSM,0.32158590308370033,0.14599999999999996,0.009615,0.7184499577176756,0.044,2025-04-13
BSRR,-0.33958154762741166,0.24167000000000005,-0.015145,0.03827407950894906,0.044,2025-04-13
BSVN,0.3660836257466585,0.13667,0.22549,0.06091263615092688,0.044,2025-04-13
BSX,0.4977331606217616,0.12295999999999999,0.017366,0.14364891361585766,0.044,2025-04-13
BTCS,-8.333333333333334,0.5,0.531915,0.10716665521350503,0.044,2025-04-13
BTCY,-0.4,0.24,-0.103226,0.05559524229157366,0.044,2025-04-13
BTDR,-0.9152542372881356,0.108,-0.012844,0.7962485926583777,0.044,2025-04-13
BTMD,-5.333333333333333,0.48,-0.107813,0.059395016299202776,0.044,2025-04-13
BTSG,-0.36781609195402293,0.06399999999999999,0.152305,0.04068336696420921,0.044,2025-04-13
BTTR,-2.666666666666666,3.5199999999999996,0.139601,0.052295888105966366,0.044,2025-04-13
BTTX,0.26974164643653653,0.13666999999999996,0.355857,0.07953328510189125,0.044,2025-04-13
BURL,-2.0753525995128537,3.21221,0.10031,0.05775140500439471,0.044,2025-04-13
BV,0.8839907192575407,0.0762,-0.218225,0.047919914058506013,0.044,2025-04-13
BVN,6.352941176470588,2.16,-0.078452,0.04067315370011033,0.044,2025-04-13
BVS,9.086956521739129,2.09,-0.095647,0.044874574746374685,0.044,2025-04-13
BWA,0.6918403733133763,0.31431,-0.046506,0.04120276070596713,0.044,2025-04-13
BWB,-0.008539354591102458,0.0026700000000000057,-0.070191,0.10392535441151222,0.044,2025-04-13
BWFG,0.5114578254509995,0.5245,-0.025294,0.038453254852312935,0.044,2025-04-13
BWMN,1.777777777777778,0.16,0.177675,0.10754762702122052,0.044,2025-04-13
BWMX,-0.5811747537395111,7.965,-0.34244,0.08115174882104483,0.044,2025-04-13
BXP,2.950617283950617,2.39,-0.02498,0.07191157301134156,0.044,2025-04-13
BXSL,0.28512969664175314,0.16862,0.051318,0.04374791740146795,0.044,2025-04-13
BY,0.10584518167456548,0.06699999999999995,0.032764,0.39118858961941094,0.044,2025-04-13
BYND,-0.6106014271151887,0.5990000000000001,0.245614,0.10457786725705143,0.044,2025-04-13
BYRN,-9.571428571428571,0.134,0.226619,0.06750713503027062,0.044,2025-04-13
BZFD,-24.0,2.88,-0.257813,0.056754089760414794,0.044,2025-04-13
BZH,0.36893203883495135,0.7599999999999998,0.140127,0.05775172825785507,0.044,2025-04-13
BZUN,-14.750000000000002,1.298,-0.083926,0.0754383264833101,0.044,2025-04-13
CAAP,1.695507487520799,0.5095000000000001,0.027354,0.07876569067274766,0.044,2025-04-13
CABA,0.4923076923076923,0.32,-0.004121,0.36785972736830225,0.044,2025-04-13
CABO,-2.1125274078360845,25.40667,-0.007616,0.08856476760962567,0.044,2025-04-13
CACI,0.29286678333121463,1.0827900000000001,-0.024326,0.03055499202679641,0.044,2025-04-13
CAG,0.14416475972540052,0.09450000000000003,0.04362,0.47837060750020965,0.044,2025-04-13
CALM,0.21079103795153176,1.1524999999999999,0.067993,0.06948894695391672,0.044,2025-04-13
CALX,1.0618556701030928,0.20600000000000002,0.205019,0.039570270247989536,0.044,2025-04-13
CAMT,0.01613722691312029,0.006670000000000009,0.028274,0.7181374293466893,0.044,2025-04-13
CANF,-0.6666666666666666,1.2,0.127451,0.051337761583247654,0.044,2025-04-13
CARA,3.3647044559789356,14.708569999999998,-0.055055,0.03826878357703118,0.044,2025-04-13
CARR,0.441635287789134,0.20525000000000004,0.052707,0.04254861292843031,0.044,2025-04-13
CASS,-0.39622641509433965,0.21000000000000002,-0.142423,0.028555225794432308,0.044,2025-04-13
CASY,0.34074898034853535,1.1487499999999997,0.111612,0.037751025771247296,0.044,2025-04-13
CAT,0.29928552527123586,1.1310000000000002,-0.021483,0.06499007542359246,0.044,2025-04-13
CATY,0.1692381870781099,0.14039999999999997,-0.03607,0.04910159076918478,0.044,2025-04-13
CAVA,0.3564190536982368,0.044670000000000015,0.196313,0.20561966428045117,0.044,2025-04-13
CBFV,0.7466666666666667,0.56,0.020858,0.03398921351895226,0.044,2025-04-13
CBRL,4.69811320754717,1.245,0.004199,0.04681131835958242,0.044,2025-04-13
CBSH,0.35826145213968674,0.29945999999999995,-0.015705,0.05866427428490733,0.044,2025-04-13
CBT,0.4247808625086466,0.41142999999999985,0.06115,0.024952009390006715,0.044,2025-04-13
CCAP,0.017592273197654343,0.010199999999999987,0.004956,0.49315503863033605,0.044,2025-04-13
CCEL,-18.142857142857142,1.27,0.083503,0.049434762918646506,0.044,2025-04-13
CCK,-0.17219951125751973,0.30371000000000015,-0.168451,0.04473456742866789,0.044,2025-04-13
CCL,-2.951761259112897,0.43322999999999995,-0.232533,0.055513766278037426,0.044,2025-04-13
CCNE,0.8648648648648647,0.31999999999999995,0.076571,0.03645593536494989,0.044,2025-04-13
CCRN,0.24675324675324667,0.023749999999999993,-0.084315,0.625852326234626,0.044,2025-04-13
CDLX,0.16666666666666682,0.020000000000000018,0.771533,0.14370266105254084,0.044,2025-04-13
CDNA,0.8543689320388349,0.176,0.340868,0.16155940811847408,0.044,2025-04-13
CDRE,0.9830172369959831,0.19333,-0.006692,0.11248524734516782,0.044,2025-04-13
CDTX,3.1176470588235294,5.3,0.065868,0.03589784128855534,0.044,2025-04-13
CDW,0.04747124267829163,0.12327000000000021,-0.006188,0.31610168137622735,0.044,2025-04-13
CDXS,-0.5418298436584538,0.17570999999999998,-0.063218,0.1843759662970689,0.044,2025-04-13
CEG,-1.0572916666666665,2.03,0.169194,0.059075130168683834,0.044,2025-04-13
CELZ,-17.086956521739133,39.300000000000004,0.823529,0.1570595599885385,0.044,2025-04-13
CENX,1.2909090909090908,0.355,0.200114,0.049941714632247995,0.044,2025-04-13
CERS,0.5833333333333334,0.014,0.21608,0.07173336753946194,0.044,2025-04-13
CFFN,12.666666666666668,0.38,0.116071,0.03854620994645986,0.044,2025-04-13
CFG,5.564280406242259,0.44926,0.063792,0.04063202743949348,0.044,2025-04-13
CFLT,6.167958656330749,0.023870000000000002,-0.421258,0.099924142771829,0.044,2025-04-13
CGBD,0.4043583535108959,0.16699999999999998,0.065613,0.04795965307363942,0.044,2025-04-13
CGEM,-6.428571428571428,2.4749999999999996,-0.143345,0.06658982896796554,0.044,2025-04-13
CGNX,0.12124018914834496,0.024870000000000003,-0.212414,0.047104132530579,0.044,2025-04-13
CGON,-5.474074074074074,3.6950000000000003,0.053009,0.1255313776972878,0.044,2025-04-13
CGTX,-44.24084778420039,11.480500000000001,0.280769,0.06630148303614426,0.044,2025-04-13
CHCO,0.7186612856200226,0.46833000000000014,0.060464,0.05031954947522613,0.044,2025-04-13
CHCT,-2.3333333333333335,0.56,-0.003561,0.7188616067910445,0.044,2025-04-13
CHDN,-0.13829582612040767,0.3594999999999997,-0.096975,0.027593537464722147,0.044,2025-04-13
CHE,0.22315538855317846,0.8866700000000005,0.03936,0.0491525106445457,0.044,2025-04-13
CHEF,-2.03030303030303,0.40199999999999997,0.246317,0.08220113640140728,0.044,2025-04-13
CHGG,0.05530584326753955,0.014149999999999996,-0.484091,0.08906755362050335,0.044,2025-04-13
CHKP,0.0569814520655926,0.09542000000000006,0.092712,0.029580697421874986,0.044,2025-04-13
CHMI,45.81274900398406,0.45996,0.132166,0.04903069764818649,0.044,2025-04-13
CHRW,0.34611894246475894,0.68652,0.068625,0.021986028979998625,0.044,2025-04-13
CHWY,0.1195116224465838,0.020360000000000017,0.050885,0.3671890223284094,0.044,2025-04-13
CHX,0.8032786885245903,0.29400000000000004,0.118881,0.039872396090255585,0.044,2025-04-13
CI,0.1600659365264421,0.8292599999999997,0.058791,0.03214794892683594,0.044,2025-04-13
CIEN,6.9344432882414155,0.53312,0.199584,0.06835708415151069,0.044,2025-04-13
CIM,0.59494343857991,0.6042900000000002,0.026694,0.031587795027002714,0.044,2025-04-13
CINF,0.8141830601923642,0.80333,0.035268,0.022878152825728044,0.044,2025-04-13
CING,0.37931034482758613,52.79999999999998,0.25,0.08494131309716964,0.044,2025-04-13
CION,0.05263157894736847,0.020000000000000018,-0.002632,0.6254568767930825,0.044,2025-04-13
CISO,-7.0,3.15,-0.333,0.07672652838742289,0.044,2025-04-13
CKPT,-1.5324675324675323,2.36,0.063953,0.06957997960191187,0.044,2025-04-13
CL,0.06447251071664888,0.04481999999999997,0.00444,0.1729760354376581,0.044,2025-04-13
CLBT,3.0,0.06,0.116109,0.06535844520011173,0.044,2025-04-13
CLCO,0.7872340425531915,0.37,-0.024045,0.07384279812645625,0.044,2025-04-13
CLDI,-1.3414634146341464,2.75,-0.063893,0.19294637538899645,0.044,2025-04-13
CLDT,-1.6818181818181819,0.37,0.18677,0.05754068762949145,0.044,2025-04-13
CLF,-0.20324735633701219,0.4311099999999999,0.070384,0.07997014240822688,0.044,2025-04-13
CLLS,0.2542878448918718,0.10571000000000003,1.72165,0.31610665001724875,0.044,2025-04-13
CLNE,0.2245147860160412,0.03667000000000001,0.462963,0.10801774160417123,0.044,2025-04-13
CLNN,-5.7,11.4,0.176712,0.05136418349417325,0.044,2025-04-13
CLOV,-4.763688760806917,0.6446700000000001,0.108241,0.045393679711923,0.044,2025-04-13
CLSD,0.9579359565464536,0.15167,0.425926,0.10681140112317397,0.044,2025-04-13
CLSK,-0.06603773584905645,0.06999999999999984,1.242647,0.22756339495090505,0.044,2025-04-13
CLVR,-0.7169811320754716,11.4,1.43038,0.266965170427063,0.044,2025-04-13
CLX,0.9664967225054626,1.0616,0.056201,0.026658997944900422,0.044,2025-04-13
CMBM,-4.107963779893198,0.35386,-0.054217,0.31706086369923064,0.044,2025-04-13
CMC,0.3128772635814889,0.6219999999999999,-0.062056,0.03848246967492797,0.044,2025-04-13
CME,0.012505568780628284,0.02778999999999998,-0.011899,0.3163293536997509,0.044,2025-04-13
CMG,0.1440840426347673,0.01879,0.115375,0.06966038040600481,0.044,2025-04-13
CMLS,-2.3370973994235924,1.38667,-0.140625,0.07821755358268848,0.044,2025-04-13
CMS,0.5391719255040788,0.21017999999999998,-0.025136,0.035753318249747076,0.044,2025-04-13
CMTG,-1.2843574942417608,0.45167,-0.073892,0.031611189776701604,0.044,2025-04-13
CMTL,-0.8867924528301886,1.5745,-0.149725,0.04876771730928886,0.044,2025-04-13
CNC,0.4373275619950767,0.26471,0.060403,0.09709274474208007,0.044,2025-04-13
CNDT,-5.5,0.11,-0.184953,0.0666337315606898,0.044,2025-04-13
CNFR,-21.5,0.43,-0.206931,0.06674752723082446,0.044,2025-04-13
CNM,0.17523241536572529,0.09989999999999999,0.002901,0.6507310765603482,0.044,2025-04-13
CNMD,0.9263157894736841,0.8799999999999999,0.04423,0.039901315963507065,0.044,2025-04-13
CNNE,162.39999999999998,8.12,-0.022444,0.06558289049489659,0.044,2025-04-13
CNTA,0.10235513665461929,0.04332999999999998,0.023783,0.7967647931735404,0.044,2025-04-13
CNTY,-3.657534246575343,1.068,-0.103004,0.06380677097295484,0.044,2025-04-13
CNX,-1.6956384779955112,1.29189,-0.095657,0.031887187312013274,0.044,2025-04-13
CODI,1.5080482144194058,0.40286000000000005,0.019664,0.05978318420606399,0.044,2025-04-13
CODX,-3.5333333333333337,0.53,-0.233871,0.05248328525952995,0.044,2025-04-13
COEP,-31.374999999999996,50.199999999999996,0.202703,0.05851714281080461,0.044,2025-04-13
COF,-7.01649684619117,3.61525,0.094118,0.056040207064603956,0.044,2025-04-13
COFS,0.14473684210526314,0.10999999999999999,-0.140457,0.03590538364347099,0.044,2025-04-13
COHR,0.3006598606275684,0.5362899999999999,0.058832,0.0658514254154901,0.044,2025-04-13
COKE,2.019390581717452,4.3740000000000006,0.061741,0.04921825246347919,0.044,2025-04-13
COLB,-0.4439178515007899,0.35125,-0.211411,0.04959753955248882,0.044,2025-04-13
COLD,-9.16326530612245,0.898,-0.089399,0.02931752930913081,0.044,2025-04-13
CON,0.042253521126760604,0.015000000000000013,0.027682,0.03976647643789781,0.044,2025-04-13
COOK,3.1052631578947367,0.059,0.419903,0.08164166932213943,0.044,2025-04-13
COTY,-3.2803189257238774,0.39085000000000003,-0.080519,0.03506299970191714,0.044,2025-04-13
COYA,0.3734939759036144,0.15499999999999997,-0.097015,0.08327016279669558,0.044,2025-04-13
CPB,0.10019750533529505,0.07558999999999994,-0.007216,0.3119409041500997,0.044,2025-04-13
CPIX,8.0,0.08,-0.045226,0.13867404344595496,0.044,2025-04-13
CPNG,-3.473684210526316,0.528,0.137016,0.059732692479934214,0.044,2025-04-13
CPRT,0.011410788381742778,0.004400000000000015,-0.00941,0.21656737882744345,0.044,2025-04-13
CPRX,0.1764705882352941,0.03,0.238679,0.15391307462369677,0.044,2025-04-13
CPSS,-0.9879995199807993,0.08233,0.722222,0.16718621068414757,0.044,2025-04-13
CPT,7.254545454545454,3.99,0.040645,0.03650355586489831,0.044,2025-04-13
CQP,-1.869778410815607,3.20308,0.029034,0.11042631886570364,0.044,2025-04-13
CR,0.3020134228187919,0.22499999999999998,0.044472,0.0733578635084862,0.044,2025-04-13
CRAI,0.651073197578426,0.60333,0.078165,0.041574033240038326,0.044,2025-04-13
CRBP,0.6031746031746031,4.56,0.11828,0.06996078350214882,0.044,2025-04-13
CRBU,-2.8016528925619837,0.339,0.057505,0.129511356296761,0.044,2025-04-13
CRCT,0.6289592760180994,0.034749999999999996,0.471971,0.09572119028048273,0.044,2025-04-13
CRDO,0.3207547169811322,0.017000000000000008,0.47887,0.08905961951748095,0.044,2025-04-13
CRGX,0.22222320426363093,0.25142999999999993,-0.106674,0.06448272337379923,0.044,2025-04-13
CRGY,2.090213946564111,1.8533300000000001,0.048387,0.10121685171842029,0.044,2025-04-13
CRIS,-0.25714285714285723,0.4500000000000002,0.655137,0.12794426976097034,0.044,2025-04-13
CRMD,0.08065998935501036,0.01666999999999999,-0.574468,0.1248876009153653,0.044,2025-04-13
CRNX,-0.2241379310344828,0.13,0.0816,0.1169334889980867,0.044,2025-04-13
CROX,6.150442477876107,0.86875,0.057676,0.029973933756003254,0.044,2025-04-13
CRS,0.20849933598937587,0.31400000000000006,0.109136,0.03678994349167274,0.044,2025-04-13
CRSP,1.67974746786574,5.91728,0.071262,0.06421636700867799,0.044,2025-04-13
CRSR,-5.879690392057883,0.34942999999999996,0.077982,0.05915592821878591,0.044,2025-04-13
CRTO,0.7414965986394558,0.2725,0.247744,0.0521406185254144,0.044,2025-04-13
CRUS,0.43628890777434864,0.8778700000000002,0.145881,0.048019937438009634,0.044,2025-04-13
CRWD,1.326797385620915,0.0812,-0.016033,0.31310561405692555,0.044,2025-04-13
CSAN,21.54668868097597,2.3490200000000003,0.035242,0.07346306294456023,0.044,2025-04-13
CSCO,0.07663975067289969,0.08114999999999983,-0.001319,0.1927036393836902,0.044,2025-04-13
CSGS,0.18657159168504373,0.1666700000000001,-0.015792,0.10128314395782628,0.044,2025-04-13
CSIQ,1.1395348837209303,0.9800000000000001,0.046703,0.061848063108049425,0.044,2025-04-13
CSL,0.6237850200114351,1.6364999999999998,-0.0394,0.03169868645489387,0.044,2025-04-13
CSLR,-7.418079096045198,1.313,0.357739,0.09908800890865338,0.044,2025-04-13
CSTE,-12.398058252427184,0.6385,-0.038817,0.07209861304023954,0.044,2025-04-13
CSWC,0.0055150979615467685,0.0036200000000000676,0.017583,0.7983192861785652,0.044,2025-04-13
CSWI,-0.49572649572649574,0.58,0.006695,0.07243792148985943,0.044,2025-04-13
CSX,0.14942528735632193,0.07020000000000004,0.042381,0.03183503471717637,0.044,2025-04-13
CTAS,0.07134354416316163,0.03595999999999999,-0.16861,0.13326831517727553,0.044,2025-04-13
CTGO,-1.3076923076923075,1.19,-0.042449,0.029780711852879786,0.044,2025-04-13
CTKB,1.6666666666666667,0.025,0.360294,0.11793440023126786,0.044,2025-04-13
CTM,0.0,0.0,0.37182,0.08071305397837365,0.044,2025-04-13
CTMX,3.0523964747072316,0.25283,2.147239,0.39172625771560454,0.044,2025-04-13
CTNM,-6.717391304347825,3.09,0.036096,0.09517674769222129,0.044,2025-04-13
CTNT,-1.9999999999999996,0.31999999999999995,4.378151,0.7989732873621642,0.044,2025-04-13
CTO,1.4926369562181574,3.3134600000000005,0.041957,0.04624492044203056,0.044,2025-04-13
CTS,-0.028199566160520582,0.016249999999999987,-0.08294,0.13530211001793593,0.044,2025-04-13
CTSH,-0.25401385084730665,0.22814,-0.058608,0.033314119780310694,0.044,2025-04-13
CTXR,-1.9375,7.75,0.242647,0.052397892122307776,0.044,2025-04-13
CUE,0.19553072625698328,0.08750000000000002,0.231472,0.1533297877479377,0.044,2025-04-13
CULP,-3.4999567311852773,1.21333,0.166874,0.062258092252352355,0.044,2025-04-13
CURI,0.41935483870967744,0.065,0.650903,0.12420732699462779,0.044,2025-04-13
CVAC,0.84,0.42,-0.035034,0.1107584565170292,0.044,2025-04-13
CVCO,0.4038562655381364,2.37333,-0.114212,0.047477195817524444,0.044,2025-04-13
CVGI,-2.263157894736842,0.43,-0.321739,0.12661760237212047,0.044,2025-04-13
CVGW,-2.6951764524580057,0.52467,0.117143,0.03188603878786745,0.044,2025-04-13
CVKD,-0.7647058823529413,0.9750000000000001,0.136653,0.03313213814548774,0.044,2025-04-13
CVLT,2.148148148148148,0.348,0.093252,0.03518906632635724,0.044,2025-04-13
CVNA,1.1720145550777374,2.6572500000000003,-0.205357,0.04106616191279807,0.044,2025-04-13
CVRX,-0.9229702494314295,0.49917,-0.347518,0.06845180383763572,0.044,2025-04-13
CW,0.14949034907061087,0.3433299999999999,0.069029,0.033860571740574934,0.044,2025-04-13
CWAN,0.018537380321857835,0.0018200000000000022,0.203069,0.06178433498523362,0.044,2025-04-13
CWCO,-0.24137931034482754,0.03499999999999999,0.35173,0.10680777968006397,0.044,2025-04-13
CWH,1.5094880334598408,0.9744500000000001,-0.219674,0.05083791028406522,0.044,2025-04-13
CWK,-1.2017247465832872,0.23829,-0.107383,0.07880933022258989,0.044,2025-04-13
CWST,3.5000000000000004,0.21000000000000002,0.006714,0.07148051334519104,0.044,2025-04-13
CXAI,-8.685714285714287,3.04,-0.155556,0.06338728449598142,0.044,2025-04-13
CXM,0.6067776803973125,0.04154000000000001,-0.334731,0.08937008647076977,0.044,2025-04-13
CYCN,-1.8125000000000002,6.960000000000001,-0.094787,0.045983799324428774,0.044,2025-04-13
CYD,1.3004484304932735,2.9,0.131492,0.37022177957950575,0.044,2025-04-13
CYH,-58.01357466063348,2.5642,-0.428571,0.08510818849476863,0.044,2025-04-13
CYTK,0.7747306562193927,0.7909999999999999,0.109161,0.0620406358095667,0.044,2025-04-13
CZNC,0.4516129032258065,0.14,0.04371,0.05912458360302501,0.044,2025-04-13
CZWI,0.27499999999999997,0.10999999999999999,-0.132881,0.03384826827953163,0.044,2025-04-13
D,0.15072761392203377,0.08514,-0.036377,0.11372192141842562,0.044,2025-04-13
DAC,0.8605656709255495,5.2543299999999995,-0.060638,0.05771003910316351,0.044,2025-04-13
DADA,-1.251395243601991,0.7466700000000001,-0.162055,0.05593620298900691,0.044,2025-04-13
DAIO,2.176470588235294,0.185,0.233766,0.054340228350062435,0.044,2025-04-13
DAKT,-inf,0.29,-0.391566,0.08005814634804628,0.044,2025-04-13
DAL,-0.08811255455914237,0.35872999999999955,0.095366,0.03059177287947301,0.044,2025-04-13
DAO,0.5980091883614089,1.562,0.172414,0.03705098246391749,0.044,2025-04-13
DAR,5.496142915144133,1.21833,-0.014036,0.10812831621758742,0.044,2025-04-13
DAVA,0.26730510681714537,12.022669999999998,0.108627,0.05489173813009997,0.044,2025-04-13
DBD,-4.545439894876467,3.66667,0.097999,0.04520449911273331,0.044,2025-04-13
DBX,0.14192495921696585,0.06960000000000005,-0.005323,0.3209032624386585,0.044,2025-04-13
DCI,0.32978723404255317,0.124,-0.021922,0.10752551541929559,0.044,2025-04-13
DCO,0.15830115830115837,0.10250000000000004,0.330918,0.07676281020908854,0.044,2025-04-13
DDOG,0.32096518522867373,0.10933999999999999,0.284727,0.06875567812208212,0.044,2025-04-13
DDS,19.844919786096256,9.2775,0.043791,0.04890167815534898,0.044,2025-04-13
DE,0.2434096242342972,1.9967499999999987,-0.05282,0.0936373663432793,0.044,2025-04-13
DEA,2.272727272727273,0.125,-0.001327,0.08767813070022039,0.044,2025-04-13
DECK,0.31655191522508525,0.6055099999999998,0.141308,0.030759893043937756,0.044,2025-04-13
DESP,-1.4783258594917787,0.24725000000000003,0.14459,0.07774701843674288,0.044,2025-04-13
DFH,0.401875709699578,0.28667,0.133218,0.06230062286757903,0.044,2025-04-13
DGII,0.23522145756132007,0.013330000000000009,0.045455,0.4257957727427714,0.044,2025-04-13
DGLY,5.0,4.0,-0.125874,0.06344974157606266,0.044,2025-04-13
DGX,0.3771661676178155,1.08453,0.003379,0.03888016166503177,0.044,2025-04-13
DHT,0.17222445013418883,0.05582999999999999,0.139254,0.037771465673160406,0.044,2025-04-13
DHX,-129.0,0.645,0.031579,0.057326972249084146,0.044,2025-04-13
DIBS,0.9571422448892126,0.22333,-0.139082,0.04106517506811396,0.044,2025-04-13
DIS,1.1247368831371325,0.7213499999999999,0.087987,0.03672808106789632,0.044,2025-04-13
DKNG,-0.4374356148630842,0.18258999999999997,0.004076,0.6258994487670825,0.044,2025-04-13
DKS,2.3939285394465837,2.6733000000000002,0.169063,0.047051170881165116,0.044,2025-04-13
DLNG,-0.5,0.04,0.031579,0.6512154061091567,0.044,2025-04-13
DLO,-0.0777460112514986,0.008429999999999993,-0.507069,0.09757554997277058,0.044,2025-04-13
DLTH,-0.7272727272727273,0.08,0.006601,0.650612140220465,0.044,2025-04-13
DLTR,-0.35635717373553005,0.37095,-0.221555,0.05685876689866254,0.044,2025-04-13
DLX,0.9166666666666666,0.5499999999999999,0.197781,0.047158504199417896,0.044,2025-04-13
DMAC,0.03225806451612906,0.0050000000000000044,-0.011601,0.62598513474389,0.044,2025-04-13
DMRC,0.16071428571428584,0.09000000000000008,0.293515,0.06535512984725737,0.044,2025-04-13
DNUT,-0.003388479170819146,0.00016999999999999654,0.134783,0.10411608764952429,0.044,2025-04-13
DOCN,0.0,0.0,-0.247858,0.05863390726009006,0.044,2025-04-13
DOLE,0.14842852790212577,0.06333,0.017578,0.49358739430351567,0.044,2025-04-13
DOMO,0.4921875,0.126,0.179315,0.6508935558836808,0.044,2025-04-13
DOV,0.24612736660929443,0.35750000000000015,0.031546,0.03090691800399872,0.044,2025-04-13
DOX,0.015581655586169257,0.016569999999999974,0.022774,0.4223449161209641,0.044,2025-04-13
DOYU,1.3836312229779757,3.60667,0.088,0.05630787545670029,0.044,2025-04-13
DQ,-0.6573875802997858,3.07,0.039024,0.07898995854748293,0.044,2025-04-13
DRH,6.333333333333334,0.5700000000000001,-0.071705,0.035940311056099586,0.044,2025-04-13
DRI,0.24637469763823558,0.4053800000000001,-0.011223,0.47837021301178834,0.044,2025-04-13
DRIO,-6.568627450980391,6.699999999999999,-0.192982,0.11619451288407649,0.044,2025-04-13
DRMA,0.5035460992907801,170.39999999999998,0.167866,0.050720649536480304,0.044,2025-04-13
DRRX,0.6666666666666666,0.27999999999999997,-0.795736,0.1509274352841582,0.044,2025-04-13
DRVN,-0.05346301977935899,0.016380000000000006,-0.411537,0.07690449039978321,0.044,2025-04-13
DSGN,0.09433962264150951,0.03750000000000003,-0.704638,0.13395436537349512,0.044,2025-04-13
DSS,-0.6545454545454544,0.72,-0.137155,0.04798129098721367,0.044,2025-04-13
DTC,-0.6892238365317379,0.08870999999999998,-0.460396,0.08757361710080998,0.044,2025-04-13
DTE,0.2612656148065817,0.5406499999999999,0.006046,0.07051813921094892,0.044,2025-04-13
DTI,-0.9107142857142858,0.10200000000000001,-0.087527,0.05515103627280393,0.044,2025-04-13
DTIL,1.8100002025000508,24.13333,-0.132766,0.03712704240204366,0.044,2025-04-13
DTST,3.0,0.03,0.5,0.11226720496156442,0.044,2025-04-13
DUK,0.1548813310496697,0.15825,0.011723,0.06851163671542354,0.044,2025-04-13
DUOL,0.45614035087719296,0.25999999999999995,0.340251,0.08429510563807731,0.044,2025-04-13
DVAX,2.9545454545454546,0.65,0.161088,0.07162961767102118,0.044,2025-04-13
DVN,1.2703189763921428,0.28196,0.151322,0.039390627916487744,0.044,2025-04-13
DXCM,0.1142783104431199,0.04409999999999997,-0.406583,0.09115077880505863,0.044,2025-04-13
DYNT,4.333333333333334,0.65,0.085938,0.056585452105603576,0.044,2025-04-13
EARN,0.36602451838879174,0.10450000000000004,0.00724,0.08770595627953084,0.044,2025-04-13
EBC,-0.5031055900621118,0.10125,-0.054841,0.030241086911451647,0.044,2025-04-13
EBET,-2.5769230769230766,20.099999999999998,0.336805,0.08209624458248553,0.044,2025-04-13
EBF,0.5000000000000001,0.15000000000000002,0.087339,0.039852106244459444,0.044,2025-04-13
EBR,0.08999999999999994,0.008999999999999994,-0.039574,0.09198076884023926,0.044,2025-04-13
ECOR,0.0,0.0,1.998761,0.3729464099767946,0.044,2025-04-13
ECX,-0.4999999999999999,0.039999999999999994,-0.073529,0.1296795466761727,0.044,2025-04-13
ED,0.1424017003188098,0.268,0.003255,0.08028791395314752,0.044,2025-04-13
EDAP,-0.020786933927245788,0.002240000000000006,-0.269444,0.07134065703195816,0.044,2025-04-13
EDIT,1.1886792452830188,0.756,-0.095527,0.03100056297013957,0.044,2025-04-13
EDR,3.7198641765704585,1.0955,0.061493,0.04866123201997703,0.044,2025-04-13
EDRY,-2.3940774487471526,2.6275,-0.025494,0.11388328609042554,0.044,2025-04-13
EDU,-1.1363636363636362,0.49999999999999994,0.126651,0.03844801641063928,0.044,2025-04-13
EDUC,-3.5000000000000004,0.14,-0.046185,0.10541181214796279,0.044,2025-04-13
EE,3.961092799619423,1.16571,0.029389,0.09027486652153947,0.044,2025-04-13
EEX,-1.1818181818181819,0.26,-0.041899,0.7187326107538177,0.044,2025-04-13
EFSC,-0.6218905472636815,0.6249999999999999,0.035942,0.028153168501456632,0.044,2025-04-13
EFTR,2.8318068276436303,17.005,0.170507,0.07776192994400478,0.044,2025-04-13
EFX,0.27140247955752617,0.42053000000000007,0.149406,0.04145916189943529,0.044,2025-04-13
EFXT,22.999999999999996,0.22999999999999998,0.059952,0.07439855965035047,0.044,2025-04-13
EGAN,7.000000000000001,0.035,-0.072539,0.6251844715517519,0.044,2025-04-13
EGHT,0.639728273600375,0.054620000000000016,0.362445,0.09029248269199867,0.044,2025-04-13
EGP,1.2198825365012116,0.96167,0.006858,0.09463110022659939,0.044,2025-04-13
EGRX,-0.5361739704400104,1.8033299999999999,-0.144581,0.047296443641972684,0.044,2025-04-13
EH,-0.6710432084029604,0.05622000000000002,0.183359,0.6504693471183023,0.044,2025-04-13
EHAB,-0.41463414634146345,0.06375,0.018882,0.7191248341722656,0.044,2025-04-13
EHTH,0.6995255319761821,1.69991,-0.097856,0.02897151276518792,0.044,2025-04-13
EIG,2.539393939393939,1.0474999999999999,0.04237,0.05620744705104046,0.044,2025-04-13
EKSO,-2.3873873873873865,1.3249999999999997,-0.11413,0.03445463801835613,0.044,2025-04-13
EL,0.9992580073374829,0.48482,-0.131825,0.0306489547933721,0.044,2025-04-13
ELEV,-0.2168945527067452,0.12832999999999994,0.03038,0.7194228438679248,0.044,2025-04-13
ELTK,1.076923076923077,0.14,0.36962,0.07782644032245199,0.044,2025-04-13
ELVA,-1.6666666666666667,0.05,-0.107345,0.05576533141946454,0.044,2025-04-13
EMBC,0.675,0.27,0.378773,0.10003295498388974,0.044,2025-04-13
EMN,0.3040521620864835,0.38005,0.046053,0.02564446128938709,0.044,2025-04-13
EMR,0.1711962521719929,0.17832999999999988,0.104286,0.046256227656464595,0.044,2025-04-13
ENBL,0.9701492537313433,0.1625,0.070064,0.04714728350440729,0.044,2025-04-13
ENFN,-0.9357739242132305,0.02914,-0.16,0.0827301113857315,0.044,2025-04-13
ENIC,0.9357359424312014,4200.79014,0.025063,0.03586783201343177,0.044,2025-04-13
ENLT,3.044489383215369,0.09033,0.02956,0.14658312494368889,0.044,2025-04-13
ENPH,0.17981606969990316,0.05943999999999999,0.424446,0.08773631745066264,0.044,2025-04-13
ENSC,-21.5,1548.0,0.1875,0.04907128895473886,0.044,2025-04-13
ENTA,0.6637864371448744,0.59229,-0.01916,0.4254224541588395,0.044,2025-04-13
ENTG,-0.1490724890130242,0.14891,-0.209681,0.10199547665663396,0.044,2025-04-13
ENTX,0.07142857142857148,0.010000000000000009,1.525,0.27768895498451496,0.044,2025-04-13
EOG,1.2897917887001435,0.24220999999999998,0.165703,0.1091009453089466,0.044,2025-04-13
EOLS,-0.011258679970336445,0.0016700000000000048,0.050588,0.7181156280118606,0.044,2025-04-13
EPAM,0.40814006752286125,0.7217100000000003,0.106846,0.04855779537753532,0.044,2025-04-13
EPD,-0.7009628994637268,0.35161,0.028176,0.031775980032998793,0.044,2025-04-13
EPR,-11.551020408163264,1.132,0.419562,0.12603271892684506,0.044,2025-04-13
EPRT,0.0943396226415093,0.024999999999999967,0.025968,0.3213110951166015,0.044,2025-04-13
EPSN,-1.1818181818181819,0.13,0.069959,0.04459643775482165,0.044,2025-04-13
EQBK,1.1990740740740742,0.518,0.084337,0.030522188271456648,0.044,2025-04-13
EQH,0.3909801390980138,0.5452999999999999,0.021921,0.043458618009419796,0.044,2025-04-13
EQIX,-0.6281266717989535,0.9627800000000001,-0.044341,0.06063058739973486,0.044,2025-04-13
EQR,2.230794083031408,0.9666699999999999,0.044268,0.03138958928720933,0.044,2025-04-13
EQT,0.34089492905088287,0.43218999999999985,-0.042019,0.07520664191033759,0.044,2025-04-13
EQX,4.789473684210526,0.11374999999999999,0.072527,0.11373131792212418,0.044,2025-04-13
ERIC,-6.006562910181886,0.32033,0.041603,0.04016425197123679,0.044,2025-04-13
ERIE,0.21553398058252415,0.5549999999999997,0.087404,0.030237376139355742,0.044,2025-04-13
ERII,2.2380952380952386,0.11750000000000002,0.229008,0.05793076781929567,0.044,2025-04-13
ERJ,-1.4361085421694901,0.6366700000000001,-0.025597,0.06862405972979839,0.044,2025-04-13
ESAB,0.11358574610244984,0.12749999999999995,0.126638,0.03163596297289942,0.044,2025-04-13
ESCA,1.7307692307692306,0.44999999999999996,0.084901,0.030992287025672756,0.044,2025-04-13
ESE,0.5670103092783506,0.275,-0.009601,0.11108101326817792,0.044,2025-04-13
ESEA,0.733887733887734,1.7650000000000001,0.048229,0.07975183590239912,0.044,2025-04-13
ESLT,-0.4488151658767772,0.9469999999999998,0.068303,0.08196979695294421,0.044,2025-04-13
ESNT,0.7287151941717602,1.06227,-0.037407,0.043457978108348186,0.044,2025-04-13
ESRT,3.4999999999999996,0.13999999999999999,0.06632,0.03337438868078691,0.044,2025-04-13
ESS,2.284389489953632,2.956,0.020694,0.1633968389281728,0.044,2025-04-13
ESSA,21.0,0.315,0.095819,0.08036805698823615,0.044,2025-04-13
ESTA,-2.8190954773869343,1.1219999999999999,-0.062285,0.04095462659029761,0.044,2025-04-13
ESTC,0.5087876687191616,0.12476999999999999,0.371329,0.07912019515785491,0.044,2025-04-13
ETN,0.1293811374207996,0.13517999999999986,0.032194,0.10632282426248187,0.044,2025-04-13
ETNB,-1.737400530503979,1.6375000000000002,-0.372578,0.15062024562966378,0.044,2025-04-13
ETON,2.6666666666666665,0.24,0.380769,0.082317372008557,0.044,2025-04-13
ETSY,-21.62413727772214,7.98947,0.142678,0.051684824232372015,0.044,2025-04-13
EVBN,-2.992522443862359,1.33667,0.0,0.06909178880358421,0.044,2025-04-13
EVC,-4.0,0.28,-0.498599,0.11799819217358493,0.044,2025-04-13
EVCM,0.32345156167284284,0.024440000000000003,0.199777,0.09260715109645785,0.044,2025-04-13
EVEX,0.8507462686567164,0.28500000000000003,-0.095294,0.042502867374863106,0.044,2025-04-13
EVGO,-4.859872611464969,0.3815,0.345691,0.07114853416116809,0.044,2025-04-13
EVH,-0.8828971251244219,0.30158,-0.456247,0.11127822916282169,0.044,2025-04-13
EVLO,0.19230769230769232,3.0,0.053247,0.04159132929178328,0.044,2025-04-13
EVTL,0.9431034482758621,109.4,-0.080488,0.09803067642852734,0.044,2025-04-13
EW,0.008587401302518538,0.005959999999999965,-0.313398,0.06300928228243866,0.044,2025-04-13
EWBC,0.10662505295373782,0.12332999999999994,0.07368,0.06801194186101255,0.044,2025-04-13
EWCZ,11.840328141719178,0.99589,-0.040445,0.058978784344149035,0.044,2025-04-13
EWTX,-0.03535353535353524,0.013999999999999957,0.112523,0.08723453193377921,0.044,2025-04-13
EXAS,-11.550042733120415,2.56769,-0.086142,0.03878424660613957,0.044,2025-04-13
EXEL,1.5395778364116093,0.4668,0.130917,0.04208006877206616,0.044,2025-04-13
EXFY,-4.394145099703012,0.10357,-0.368966,0.09046281437428237,0.044,2025-04-13
EXK,-1.0,0.03571,0.22561,0.04533161914967416,0.044,2025-04-13
EXLS,0.13340133741357818,0.03531000000000001,0.100848,0.03920501963505696,0.044,2025-04-13
EXPD,0.2783851976450799,0.57925,-0.018511,0.14888623786096586,0.044,2025-04-13
EXPE,1.1356145487984899,1.8770799999999999,0.156268,0.04153098112517554,0.044,2025-04-13
EXPI,1.571520411443266,0.14667,0.359505,0.09718154802383695,0.044,2025-04-13
EXPO,0.18644067796610167,0.05499999999999999,0.194905,0.04208649270558521,0.044,2025-04-13
EZPW,1.9444444444444444,0.35,0.125212,0.03383718929947697,0.044,2025-04-13
F,0.7018205982330741,0.8237899999999999,-0.026012,0.040789454866537296,0.044,2025-04-13
FAF,0.2805895205090904,0.49956999999999985,-0.067694,0.03350077781845564,0.044,2025-04-13
FANG,0.14968958381237063,0.6770399999999999,-0.094032,0.05870085933103922,0.044,2025-04-13
FARM,-2.8196721311475414,1.7200000000000002,0.186813,0.048561541321897835,0.044,2025-04-13
FARO,-1.923076923076923,0.25,-0.435059,0.08255952541536442,0.044,2025-04-13
FAST,0.035856573705179313,0.018000000000000016,-0.001899,0.21223358331312908,0.044,2025-04-13
FAT,-2.444444444444444,2.42,-0.043279,0.0592457037456482,0.044,2025-04-13
FATE,0.6949995986836824,0.43295,0.067568,0.09031080425215551,0.044,2025-04-13
FBIZ,0.4289670451398504,0.38725,0.029749,0.044113824509308584,0.044,2025-04-13
FBLG,0.7777777777777777,0.06999999999999999,-0.394102,0.10124984921358869,0.044,2025-04-13
FBMS,-0.4852941176470589,0.33000000000000007,-0.056879,0.023528175353260884,0.044,2025-04-13
FBNC,0.8692451480396005,0.37667000000000006,0.037257,0.03462629441514376,0.044,2025-04-13
FBRT,-1.2941176470588236,0.44000000000000006,-0.004508,0.15089020550971505,0.044,2025-04-13
FCAP,0.1809045226130652,0.07199999999999995,-0.010075,0.06868054303476888,0.044,2025-04-13
FCCO,0.35961930659415364,0.12167,-0.049189,0.15242086020394466,0.044,2025-04-13
FCX,0.14034807259860824,0.13169000000000008,-0.099198,0.028294900766972178,0.044,2025-04-13
FDMT,-2.5757575757575752,1.6999999999999997,0.125292,0.07107053124633925,0.044,2025-04-13
FDP,1.4444444444444446,0.52,0.199931,0.047176206904931565,0.044,2025-04-13
FDUS,0.16667717727186737,0.05286000000000002,0.163451,0.05731140978216824,0.044,2025-04-13
FDX,0.8116346375614728,2.18182,0.021262,0.0664957548543909,0.044,2025-04-13
FELE,0.19092627599243853,0.20199999999999996,0.02419,0.0848295667065083,0.044,2025-04-13
FEMY,0.6799999999999999,0.16999999999999998,0.243386,0.06690133059104239,0.044,2025-04-13
FENG,0.4773251345119139,3.726,-0.014706,0.2268506809335289,0.044,2025-04-13
FERG,0.06115107913669079,0.17000000000000037,0.020808,0.6509223310627793,0.044,2025-04-13
FET,-1.3157894736842108,3.0000000000000004,0.138624,0.05239595912553909,0.044,2025-04-13
FFBC,0.6215997081120527,0.15333000000000002,0.080228,0.031208921846533795,0.044,2025-04-13
FFIC,0.5064935064935063,0.09749999999999998,0.167391,0.038519580254212545,0.044,2025-04-13
FFIV,0.13064692521241683,0.38824999999999976,0.129906,0.06040851456195039,0.044,2025-04-13
FFNW,-2.846153846153846,0.185,-0.009818,0.0546867328126235,0.044,2025-04-13
FFWM,-1.2620689655172415,0.68625,-0.069498,0.044239809643171285,0.044,2025-04-13
FGBI,-1.948695529544493,0.6909099999999999,0.047531,0.028983404802428725,0.044,2025-04-13
FGEN,1.4374999999999998,1.15,-0.027791,0.05429428048950023,0.044,2025-04-13
FHTX,-3.1333333333333337,1.4100000000000001,0.366102,0.08573975607066764,0.044,2025-04-13
FIBK,-0.20103670359436052,0.20633,-0.108459,0.02808200941896391,0.044,2025-04-13
FIGS,-0.25,0.002,-0.283358,0.12154361553607526,0.044,2025-04-13
FIHL,0.4481256217495875,0.3558699999999999,0.130348,0.05817933855394491,0.044,2025-04-13
FINW,0.7678571428571427,0.42999999999999994,0.123208,0.0480701476152136,0.044,2025-04-13
FIP,-4.363636363636363,0.48,-0.053628,0.023499797330598086,0.044,2025-04-13
FITB,-0.6022153544873168,0.19680999999999998,0.125931,0.06641878273795723,0.044,2025-04-13
FIVN,0.18832697273703705,0.08241000000000004,-0.264893,0.10665293308501951,0.044,2025-04-13
FIX,1.4134078212290504,0.6325000000000001,0.11602,0.0438174658938368,0.044,2025-04-13
FLEX,0.17393180837289599,0.10075,0.109819,0.04824153589346723,0.044,2025-04-13
FLGC,-15.45,6.18,-0.101852,0.03973190622932448,0.044,2025-04-13
FLGT,0.5291010119195891,2.1453300000000004,0.158629,0.0713957798968896,0.044,2025-04-13
FLIC,0.25,0.06,-0.007449,0.3217795546278786,0.044,2025-04-13
FLNC,-2.138731952291274,0.6814,0.156894,0.09188024914507499,0.044,2025-04-13
FLO,0.08065920211328913,0.026870000000000005,0.01321,0.3328126983762378,0.044,2025-04-13
FLUT,0.8445229681978798,1.1949999999999998,0.080934,0.04292325267678209,0.044,2025-04-13
FLWS,-0.25209441470806565,0.45167,-0.28463,0.06465166312051396,0.044,2025-04-13
FLXS,1.3599999999999999,0.33999999999999997,0.09978,0.031700460803353876,0.044,2025-04-13
FLYW,-0.16186485070717646,0.015449999999999992,-0.25289,0.1868330342456969,0.044,2025-04-13
FLYX,-11.666666666666666,0.35,0.083744,0.054377529950800724,0.044,2025-04-13
FMAO,-0.12962962962962973,0.07000000000000006,-0.0013,0.21430111372812247,0.044,2025-04-13
FMBH,0.7142986037489004,0.31667,0.018374,0.024548312544227874,0.044,2025-04-13
FMNB,0.6595744680851066,0.15500000000000003,-0.036542,0.052535116327301234,0.044,2025-04-13
FMS,0.6733327891600686,0.16498,0.04023,0.10078076323231652,0.044,2025-04-13
FNA,0.04580152671755733,0.007200000000000012,0.373333,0.13471077778347776,0.044,2025-04-13
FNCH,-3.1666666666666665,22.8,0.081395,0.030193420671403615,0.044,2025-04-13
FND,0.2948927904939635,0.07743,0.073374,0.22762270332514023,0.044,2025-04-13
FNKO,-0.43999999999999995,0.21999999999999997,-0.593846,0.11701509906984914,0.044,2025-04-13
FOA,-22.905550952775474,69.11749999999999,0.098462,0.036808206768314526,0.044,2025-04-13
FOLD,0.09828674481514872,0.0054499999999999965,-0.004348,0.2982278338001149,0.044,2025-04-13
FORR,1.378077781436359,0.37667,0.01649,0.17329705169900578,0.044,2025-04-13
FOSL,0.8654970760233919,1.48,0.184971,0.041217794248638105,0.044,2025-04-13
FOXF,-0.41950464396284826,0.34687999999999997,-0.268236,0.05424136314066285,0.044,2025-04-13
FPH,-3.4999999999999996,0.27999999999999997,0.072727,0.10898069147465134,0.044,2025-04-13
FR,2.507462686567164,0.6719999999999999,0.051201,0.031894660655670565,0.044,2025-04-13
FRBA,0.11111111111111108,0.024999999999999994,0.161919,0.06604630714453223,0.044,2025-04-13
FRGE,-0.4354066985645933,0.0455,-0.215094,0.05359903566520613,0.044,2025-04-13
FRME,0.25440174104916347,0.16832999999999998,0.040204,0.04154354431356855,0.044,2025-04-13
FROG,0.5246348900658001,0.06538000000000001,0.284443,0.06164479942457731,0.044,2025-04-13
FRPT,2.5744680851063833,0.605,0.10449,0.02534921867801756,0.044,2025-04-13
FRSX,0.8333333333333334,0.3,-0.063063,0.07399121638118934,0.044,2025-04-13
FRT,2.019169329073482,1.2639999999999998,0.060624,0.06940335374433344,0.044,2025-04-13
FSBW,1.0909090909090906,0.5999999999999999,0.088433,0.029637845141027536,0.044,2025-04-13
FSFG,2.82938923888683,1.60333,0.158353,0.039878564846452524,0.044,2025-04-13
FSLR,1.378725987171285,0.84043,0.13254,0.03545246221349034,0.044,2025-04-13
FSLY,0.5081967213114754,0.062,0.456833,0.0943049778791766,0.044,2025-04-13
FSS,0.14590339536158237,0.05857000000000001,0.004551,0.7190821284485345,0.044,2025-04-13
FSTR,-137.33333333333334,4.12,-0.016432,0.07723338209391951,0.044,2025-04-13
FSUN,-0.08139534883720925,0.06999999999999995,-0.071339,0.046210398751593586,0.044,2025-04-13
FTAI,-8.512698555146729,0.94857,-0.113814,0.029966657837592187,0.044,2025-04-13
FTCI,-0.6506144412257463,0.78833,0.157143,0.07720137183851342,0.044,2025-04-13
FTDR,0.7300719636316787,0.39666999999999997,0.1514,0.04808535346748402,0.044,2025-04-13
FTEK,0.0,0.0,0.937819,0.16971798075699301,0.044,2025-04-13
FTHM,-0.7339608620262572,0.26667,-0.159919,0.07418146801558309,0.044,2025-04-13
FTI,-1.5090000462727315,0.32611,0.164573,0.05190746872675979,0.044,2025-04-13
FTK,-1.5,1.8,-0.240076,0.06048839516454054,0.044,2025-04-13
FTNT,0.39323425889714503,0.16087999999999997,0.253001,0.06196140269161441,0.044,2025-04-13
FTRE,-0.08033108081090795,0.02008999999999997,0.301939,0.07710897628666745,0.044,2025-04-13
FUBO,-2.154269972451791,1.564,-0.185008,0.0454939340348197,0.044,2025-04-13
FULT,1.37037037037037,0.13874999999999998,-0.048324,0.17326109979330695,0.044,2025-04-13
FUN,-0.46831761777746056,1.5749099999999998,0.07262,0.05038651266766619,0.044,2025-04-13
FVRR,5.417736289381564,0.09286,-0.256423,0.08495456543575698,0.044,2025-04-13
FWRG,0.5417228753131625,0.028110000000000003,0.129521,0.06886941914376905,0.044,2025-04-13
FXLV,-26.77777777777778,1.446,-0.189257,0.05134927690555288,0.044,2025-04-13
FXNC,-1.2916666666666667,0.62,-0.02476,0.047545430750932705,0.044,2025-04-13
GAIA,8.529411764705882,0.3625,0.063567,0.08578415850488964,0.044,2025-04-13
GANX,-1.0999999999999999,0.21999999999999997,0.196453,0.07501209629622238,0.044,2025-04-13
GARS,0.0,0.0,-0.370143,0.06892467115511136,0.044,2025-04-13
GAUZ,-3.3999999999999995,0.6799999999999999,0.153029,0.0539704598377536,0.044,2025-04-13
GBDC,-0.897119341563786,0.436,-0.001388,0.09693210140024612,0.044,2025-04-13
GBIO,-1.4896265560165973,0.8975,-0.016244,0.11290495876391643,0.044,2025-04-13
GBX,6.68273944537938,0.91333,0.155157,0.03833442512855588,0.044,2025-04-13
GCI,0.13244318032182456,0.05029,0.275229,0.058237376079275,0.044,2025-04-13
GCMG,3.1192800214918956,0.34833000000000003,0.036443,0.07948096689792916,0.044,2025-04-13
GCO,-0.4461172741679873,1.126,-0.023886,0.31527555681559766,0.044,2025-04-13
GCTS,0.0,0.0,-0.089606,0.11591804741375206,0.044,2025-04-13
GD,0.07799840038947041,0.17944000000000004,0.029418,0.05236518304112027,0.044,2025-04-13
GDDY,6.560945069974861,6.811769999999999,-0.001972,0.09491569911675712,0.044,2025-04-13
GDEV,3.8599028019439614,0.6433300000000001,0.218412,0.053052811810483096,0.044,2025-04-13
GDOT,-0.3214753065477633,0.06633,-0.344068,0.10664941581490582,0.044,2025-04-13
GDRX,-0.09164311667339528,0.009080000000000005,-0.389051,0.076771396897783,0.044,2025-04-13
GE,2.4545454545454546,0.81,0.04507,0.06808011122427236,0.044,2025-04-13
GEHC,0.10243282633880187,0.10963999999999996,0.116469,0.03627424500257276,0.044,2025-04-13
GENK,10.0,0.1,0.094515,0.10585846627641646,0.044,2025-04-13
GERN,0.2647058823529412,0.05399999999999999,0.160825,0.10964146332430738,0.044,2025-04-13
GEV,0.38798171129980413,0.28512000000000004,-0.092536,0.05155060364006379,0.044,2025-04-13
GEVO,-1.5454545454545459,0.08500000000000002,0.126021,0.276693650347036,0.044,2025-04-13
GGAL,-0.7078232834617904,1.54561,-0.073469,0.04641282926860891,0.044,2025-04-13
GHG,-0.5950413223140496,0.72,-0.112172,0.04578996438920342,0.044,2025-04-13
GHLD,1.3962264150943395,0.74,0.065,0.05118360295809017,0.044,2025-04-13
GHM,-2.6406506351661747,0.56333,-0.24384,0.051942996033573385,0.044,2025-04-13
GHRS,1.0346160503086599,0.17933000000000002,0.13,0.056439681127355944,0.044,2025-04-13
GIFI,-11.349726775956285,2.077,0.01496,0.10921769564597693,0.044,2025-04-13
GIII,-0.2668741141395545,0.4914299999999998,-0.446602,0.09351385831383699,0.044,2025-04-13
GIL,-1.6121372031662269,0.611,0.017347,0.06688657808841947,0.044,2025-04-13
GILT,-2.833333333333333,0.16999999999999998,0.042514,0.04225778865216633,0.044,2025-04-13
GIPR,-6.4444444444444455,1.1600000000000001,-0.098013,0.11385258736301053,0.044,2025-04-13
GIS,0.03693369280368016,0.03917999999999999,0.014982,0.47835686684306383,0.044,2025-04-13
GKOS,-2.1689240991566576,0.8487,0.111625,0.05431229331915755,0.044,2025-04-13
GLAD,0.2604936092974008,0.10332999999999998,-0.038079,0.09054418778238929,0.044,2025-04-13
GLMD,-0.3186813186813188,20.88000000000001,0.146199,0.09094061541313456,0.044,2025-04-13
GLNG,251.1915037086986,3.7251700000000003,0.031022,0.054934708744737125,0.044,2025-04-13
GLOB,0.009864571141949535,0.01475000000000004,-0.011065,0.3270263353245991,0.044,2025-04-13
GLP,2.8099173553719012,3.4000000000000004,-0.027166,0.07153024138995952,0.044,2025-04-13
GLPG,11.538461538461538,1.5,-0.013234,0.07069778730837142,0.044,2025-04-13
GLPI,0.3076977451049691,0.17411999999999994,-0.01789,0.04218181451721218,0.044,2025-04-13
GLRE,-4.533333333333333,0.6799999999999999,-0.128451,0.08270531749060434,0.044,2025-04-13
GLSI,0.8709677419354839,0.81,0.22091,0.056370129390322925,0.044,2025-04-13
GLTO,0.5121951219512195,5.25,0.054257,0.06710147624564292,0.044,2025-04-13
GLUE,-0.8662332189512975,0.43167000000000005,0.163303,0.042681432511066555,0.044,2025-04-13
GLW,1.1061499578770009,0.1313,0.045304,0.03321415792423724,0.044,2025-04-13
GMAB,-0.9686560625972417,5.1300799999999995,-0.02,0.05802720497947527,0.044,2025-04-13
GME,-3.2208424873435857,0.67438,0.307219,0.06933669071108453,0.044,2025-04-13
GMGI,,0.0,0.067278,0.058412631220028224,0.044,2025-04-13
GMRE,1.3278688524590165,0.162,0.029862,0.09744284883422656,0.044,2025-04-13
GMS,0.1904,0.44625000000000004,0.113609,0.07895231464174221,0.044,2025-04-13
GNL,-4.75,0.19,-0.017323,0.06756155774805532,0.044,2025-04-13
GNLN,-9.206896551724139,1468.5,-0.083333,0.36947935531375475,0.044,2025-04-13
GNLX,-2.3125,0.37,0.0953,0.040763658544252755,0.044,2025-04-13
GNPX,0.5,5.6,-0.077228,0.04724693485984823,0.044,2025-04-13
GNRC,0.5774647887323944,0.5125,0.065882,0.04760872580404922,0.044,2025-04-13
GNS,-18.0,3.2106600000000003,-0.175865,0.05637556799847224,0.044,2025-04-13
GNTX,-0.28347341105387497,0.14637999999999995,-0.041769,0.031980198960024804,0.044,2025-04-13
GNTY,0.4464285714285714,0.25,0.101945,0.029691715699757513,0.044,2025-04-13
GOCO,12.550561797752808,27.924999999999997,0.116279,0.0672484243207209,0.044,2025-04-13
GOGO,18.309678976587016,1.5171400000000002,0.183748,0.05348165279390645,0.044,2025-04-13
GORO,-6.5,0.26,-0.129483,0.046784273036794506,0.044,2025-04-13
GOSS,-0.03488372093023259,0.030000000000000027,0.041372,0.3708178607248916,0.044,2025-04-13
GPC,-0.22274865841457267,0.53878,-0.209684,0.052814084892126814,0.044,2025-04-13
GPCR,-2.1730769230769234,0.45200000000000007,0.037758,0.15348908331616462,0.044,2025-04-13
GPI,0.44600280504908846,3.1800000000000006,0.026589,0.039412657040587766,0.044,2025-04-13
GPMT,-2.076923076923077,0.27,0.099762,0.05011287471555862,0.044,2025-04-13
GPN,0.07396683337720457,0.14050000000000007,-0.111783,0.05443558151075394,0.044,2025-04-13
GPRE,-10.545454545454545,1.16,0.130513,0.05164467955795482,0.044,2025-04-13
GPRK,-0.5363636363636364,0.5900000000000001,-0.119976,0.046848381653977256,0.044,2025-04-13
GRAB,-0.011029411764705944,0.0012000000000000066,0.241107,0.06532268245842726,0.044,2025-04-13
GRC,0.6119402985074627,0.20500000000000002,-0.02687,0.09387621826314381,0.044,2025-04-13
GRFS,-0.36788874841972186,0.08148,-0.195931,0.046446185844181094,0.044,2025-04-13
GRMN,0.3819444444444445,0.55,0.232453,0.0922530743697019,0.044,2025-04-13
GROM,-4.190476190476191,176.0,-0.023465,0.21244846744468746,0.044,2025-04-13
GROY,-0.3333333333333334,0.0025000000000000005,0.039063,0.2980399493496468,0.044,2025-04-13
GRPN,0.6613995485327313,1.8165999999999998,0.566565,0.10639899276446192,0.044,2025-04-13
GRTX,-0.2687336452303544,0.10166999999999998,-0.839286,0.159142797990148,0.044,2025-04-13
GRWG,0.2728044123886295,0.012859999999999996,0.426941,0.0936931946711146,0.044,2025-04-13
GSBC,0.701209138968665,0.38333000000000006,0.057562,0.031000774949973692,0.044,2025-04-13
GSBD,0.25984251968503935,0.132,0.00565,0.08785338973166346,0.044,2025-04-13
GSHD,1.3809523809523812,0.14500000000000002,0.231732,0.04860960573635381,0.044,2025-04-13
GSIT,-0.5294117647058822,0.09,-0.133333,0.04133653233237646,0.044,2025-04-13
GSL,0.8309429356118401,0.78967,0.030962,0.10694896507637196,0.044,2025-04-13
GSM,-0.4222222222222222,0.095,-0.283631,0.07552011721961595,0.044,2025-04-13
GT,-1.9757476565987204,0.39837,0.090909,0.42505897606694726,0.044,2025-04-13
GTES,0.3780918727915196,0.10700000000000004,-0.055053,0.05666830833551486,0.044,2025-04-13
GTIM,-1.9999999999999996,0.039999999999999994,0.086667,0.03550121235028778,0.044,2025-04-13
GTLB,0.3506493506493506,0.05399999999999999,0.108696,0.651620838691978,0.044,2025-04-13
GTLS,1.7489667004601104,0.8970799999999999,0.065516,0.03119713540800516,0.044,2025-04-13
GTX,-9.24561403508772,2.108,0.034749,0.05160500402266372,0.044,2025-04-13
GTY,1.7613950158524532,0.5166700000000001,0.017699,0.04468651216407225,0.044,2025-04-13
GUTS,0.21739130434782614,0.10000000000000003,0.138075,0.050406303524342944,0.044,2025-04-13
GWRE,0.8520584625683364,0.38184999999999997,0.046389,0.08382269623427076,0.044,2025-04-13
GWRS,0.7999999999999998,0.039999999999999994,-0.012735,0.1528166224840413,0.044,2025-04-13
GWW,0.1287914648800204,1.09647,0.055379,0.029587336101958014,0.044,2025-04-13
GXO,0.39190786713953385,0.20553999999999994,-0.03574,0.047587917988480076,0.044,2025-04-13
HAE,0.43737166324435317,0.3195,0.003518,0.08029982604940143,0.044,2025-04-13
HAFC,0.8066398156895895,0.48667000000000005,0.061448,0.02156917011733935,0.044,2025-04-13
HAL,1.4411894467484339,0.16333,0.06786,0.030967359088575144,0.044,2025-04-13
HAS,1.2286369232075391,0.57886,0.122389,0.03163106260945993,0.044,2025-04-13
HASI,0.19642480118234934,0.11164000000000007,0.162658,0.05173756384017143,0.044,2025-04-13
HAYW,0.6350753951432206,0.10487000000000002,0.243425,0.05256449585209765,0.044,2025-04-13
HBAN,-0.8220429469687982,0.13858,0.123345,0.05215323038478999,0.044,2025-04-13
HBB,-1.0620689655172415,1.54,-0.084465,0.03919094412350833,0.044,2025-04-13
HBCP,0.7895526118470382,0.78975,0.055402,0.03173384524852942,0.044,2025-04-13
HBI,0.7037037037037037,0.0475,0.002024,0.7981389375976314,0.044,2025-04-13
HBIO,0.23076923076923075,0.015,0.220307,0.06409766262559383,0.044,2025-04-13
HBNC,-0.08849850845210473,0.0534,-0.196158,0.04458293662714644,0.044,2025-04-13
HBT,-0.4306930693069307,0.17400000000000002,0.073436,0.06717912429202756,0.044,2025-04-13
HCAT,0.7024695031240702,0.07083,-0.378763,0.08481518426227581,0.044,2025-04-13
HCM,-0.9455252918287937,0.1215,0.072041,0.04764772146553437,0.044,2025-04-13
HCSG,-1.3932584269662922,0.248,-0.094854,0.023481534595154403,0.044,2025-04-13
HCTI,0.8,0.4,-0.07047,0.04774650015156227,0.044,2025-04-13
HCWB,-1.1428571428571426,0.15999999999999998,-0.057143,0.16552731341017937,0.044,2025-04-13
HD,0.2538329608648199,0.7814399999999999,-0.041311,0.04075831947265047,0.044,2025-04-13
HDB,0.7723530580263538,0.3499300000000001,-0.007084,0.037669408415967644,0.044,2025-04-13
HE,-0.12380952380952381,0.065,-0.039604,0.626133422284295,0.044,2025-04-13
HEES,-0.08974358974358981,0.07000000000000006,-0.072479,0.39274934124562766,0.044,2025-04-13
HEI,0.0605179432793951,0.03537999999999997,-0.015621,0.24112309401950777,0.044,2025-04-13
HELE,0.6247688906319361,1.4496700000000002,-0.05122,0.039375668709360025,0.044,2025-04-13
HEPS,2.2757256782025665,3.90667,0.08867,0.1077924772441848,0.044,2025-04-13
HESM,-0.1452991452991453,0.0595,0.088874,0.04109540140569791,0.044,2025-04-13
HFFG,-0.7142857142857143,0.1,0.011429,0.15345782072911618,0.044,2025-04-13
HFWA,0.7623905849178532,0.38933000000000006,-0.02779,0.049331667687990084,0.044,2025-04-13
HGTY,-0.8701298701298702,0.335,0.048246,0.06238227356513111,0.044,2025-04-13
HGV,-0.9778302461951159,0.88213,-0.077902,0.08521105526694006,0.044,2025-04-13
HHR,0.39452006179209065,11.183330000000002,-0.09437,0.04949806483133756,0.044,2025-04-13
HIMS,6.822048398924468,0.27909,0.190944,0.046795000484857886,0.044,2025-04-13
HIMX,0.1891108830808233,0.03133,0.203025,0.03929259879477562,0.044,2025-04-13
HIPO,-0.97384481255449,2.7925,-0.098958,0.04762989965968999,0.044,2025-04-13
HIW,4.23391812865497,1.448,0.059151,0.05909232045004895,0.044,2025-04-13
HL,0.36363636363636365,0.016,0.1664,0.0677315942855405,0.044,2025-04-13
HLGN,0.411764705882353,2.2050000000000005,-0.040898,0.08464701997177553,0.044,2025-04-13
HLIT,0.5471698113207547,0.07250000000000001,0.24911,0.051161337893556834,0.044,2025-04-13
HLN,-0.36286192062751577,3.72579,0.062035,0.03408949374006351,0.044,2025-04-13
HLNE,0.7204736362716323,0.42713999999999996,0.036443,0.07612871247115799,0.044,2025-04-13
HLVX,-1.6109324758842443,1.2525,0.050202,0.12671095372891839,0.044,2025-04-13
HMN,-0.3347193347193347,0.32199999999999995,-0.05804,0.04123157773737013,0.044,2025-04-13
HMST,1.5851338844030258,0.49667000000000006,0.093737,0.0339623692054487,0.044,2025-04-13
HNST,-2.0434782608695654,0.09400000000000001,-0.333333,0.08499280805398873,0.044,2025-04-13
HNVR,-0.7708333333333334,0.37,-0.0619,0.023362216451193674,0.044,2025-04-13
HOFT,-23.857142857142858,1.6700000000000002,-0.010463,0.1940170031427834,0.044,2025-04-13
HOFV,-21.92857142857143,67.54,0.037736,0.0853339580534497,0.044,2025-04-13
HOLX,0.6978207199744096,0.8507899999999999,-0.089274,0.10874248270831352,0.044,2025-04-13
HONE,3.0000000000000004,0.14250000000000002,-0.014509,0.17410517499562597,0.044,2025-04-13
HOOD,-1.1455427910803746,1.0998700000000001,-0.104372,0.027155335627276806,0.044,2025-04-13
HOTH,-2.0731677334948944,7.08333,-0.08558,0.04251478094903971,0.044,2025-04-13
HOUR,1.3333333333333337,0.04000000000000001,-0.2,0.1624736161555821,0.044,2025-04-13
HOWL,-9.418087108299016,3.45333,0.125601,0.05437349540959844,0.044,2025-04-13
HP,0.5069963024722685,0.34964999999999996,-0.049923,0.07521382558870796,0.044,2025-04-13
HPK,-1.3434343434343434,0.665,-0.147211,0.07544579187510105,0.044,2025-04-13
HQY,0.09690269318477034,0.03356999999999999,-0.032947,0.6516074683468241,0.044,2025-04-13
HRB,0.07042253521126764,0.3250000000000002,0.006452,0.7982714656533454,0.044,2025-04-13
HRL,0.023069207622868626,0.01150000000000001,0.027826,0.2407540359465483,0.044,2025-04-13
HRMY,9.723062029935214,1.30571,0.139615,0.03563884773935117,0.044,2025-04-13
HSCS,-4.374285714285714,15.309999999999999,0.221333,0.03902748472081079,0.044,2025-04-13
HSDT,0.8571428571428571,9.0,0.168929,0.055945909420424135,0.044,2025-04-13
HSIC,0.47368170852001945,0.39857,0.079178,0.02972506212990299,0.044,2025-04-13
HSII,2.0379241516966067,0.7657499999999999,0.112623,0.03239507177009723,0.044,2025-04-13
HSTM,3.166666666666667,0.038000000000000006,-0.170097,0.04174468884238175,0.044,2025-04-13
HSY,0.2057207398264334,0.43167,-0.036497,0.036220257864317186,0.044,2025-04-13
HTBK,-0.15730337078651685,0.027999999999999997,-0.045614,0.16610009038455573,0.044,2025-04-13
HTCR,4.333333333333334,0.13,0.921875,0.1805793667441818,0.044,2025-04-13
HTGC,0.04065040650406502,0.01874999999999999,0.038931,0.718363080256509,0.044,2025-04-13
HTHT,-3.62986159135847,3.7266700000000004,-0.066753,0.024630304888330186,0.044,2025-04-13
HTLD,-2.5824871422919693,0.19583,-0.075542,0.03253508683861644,0.044,2025-04-13
HTOO,4.452830188679246,2.3600000000000003,-0.139303,0.05759719869130112,0.044,2025-04-13
HUBG,0.7449646272674396,0.55073,0.081447,0.03405050515771478,0.044,2025-04-13
HUBS,0.34636832216383506,0.3447300000000001,-0.012878,0.16702593413751704,0.044,2025-04-13
HUM,0.22270334257499763,2.28768,0.010318,0.06768034007880602,0.044,2025-04-13
HURN,2.675675675675676,0.49500000000000005,0.080616,0.03126194584440077,0.044,2025-04-13
HUYA,3.275901308643252,0.63333,0.382609,0.08741651263760013,0.044,2025-04-13
HWKN,0.8300653594771243,0.5080000000000001,0.080217,0.0342929657473378,0.044,2025-04-13
HXL,-5.061624649859944,0.3614,0.060018,0.030886521010298755,0.044,2025-04-13
HYLN,0.13043478260869562,0.023999999999999994,0.047619,0.7185251495702455,0.044,2025-04-13
HYMC,-12.0,7.2,0.8125,0.16032780359340437,0.044,2025-04-13
HYPR,-0.2222222222222222,0.06,-0.232297,0.07632187514149497,0.044,2025-04-13
HZO,1.2749912500336538,0.94714,0.081928,0.02249348454875193,0.044,2025-04-13
IART,0.47351359316289715,0.2570800000000001,0.059168,0.07039803904221029,0.044,2025-04-13
IAS,1.249718785151856,0.01111,0.021687,0.7189067872428526,0.044,2025-04-13
IBCP,1.6377952755905514,0.41600000000000004,0.093344,0.030604520969930746,0.044,2025-04-13
IBEX,0.34615384615384603,0.17999999999999994,0.053521,0.797255455537441,0.044,2025-04-13
IBKR,0.8114214891791399,0.25532999999999995,0.042507,0.03019856845157081,0.044,2025-04-13
IBM,0.15545632151828062,0.27849999999999975,-0.09905,0.031765186340797995,0.044,2025-04-13
IBN,-0.6579622442938894,0.10003000000000001,0.079042,0.05229594066144697,0.044,2025-04-13
IBTA,-0.5559982553958955,0.47167000000000003,-0.266884,0.05398545048531118,0.044,2025-04-13
ICCM,0.04347826086956525,0.0050000000000000044,0.009309,0.6507900657786568,0.044,2025-04-13
ICFI,0.2156593406593407,0.31400000000000006,0.009835,0.06676992005404744,0.044,2025-04-13
ICHR,0.23575588756647253,0.23275,0.084201,0.08633958073499985,0.044,2025-04-13
ICLR,-0.12696530534062686,0.48719,-0.210251,0.06583685503501802,0.044,2025-04-13
ICON,-12.842105263157894,4.88,-0.013946,0.6261553778337444,0.044,2025-04-13
ICUI,0.5628130635143259,0.5618000000000001,0.242713,0.05090313947122391,0.044,2025-04-13
IDA,-0.0807453416149069,0.06500000000000006,-0.04224,0.42621858010086394,0.044,2025-04-13
IDN,13.012012012012011,0.04333,0.748571,0.18404096809384418,0.044,2025-04-13
IDXX,0.369815104105948,0.6344400000000001,-0.041827,0.027533174781350218,0.044,2025-04-13
IDYA,-1.3227323946743685,2.41814,-0.045566,0.05719165765916866,0.044,2025-04-13
IE,-1.6285714285714288,0.28500000000000003,0.029094,0.21925413590411882,0.044,2025-04-13
IEX,0.1696590443885606,0.20306999999999986,-0.072204,0.04764933695352391,0.044,2025-04-13
IFF,-0.21647230320699704,0.23759999999999992,-0.193677,0.0524276077335939,0.044,2025-04-13
IFS,-4.033382847314518,1.54773,-0.031439,0.06928013674398736,0.044,2025-04-13
IGIC,1.0666666666666667,0.32,0.043771,0.17137242836847097,0.044,2025-04-13
IIIV,-0.8032104804475556,0.28571,-0.074701,0.06707106181579779,0.044,2025-04-13
IINN,0.197142857142857,0.06899999999999995,0.190075,0.056208393216353174,0.044,2025-04-13
IIPR,-0.05299757373830922,0.0766699999999998,-0.008657,0.625947644991988,0.044,2025-04-13
IKNA,1.136665365091761,0.5822,0.232964,0.14308153042666613,0.044,2025-04-13
IKT,0.4210526315789473,0.9599999999999997,0.061453,0.05144516040440184,0.044,2025-04-13
ILMN,-0.6013289036544851,0.543,-0.024783,0.07379875146410442,0.044,2025-04-13
ILPT,-inf,2.2,0.04158,0.023786336144578923,0.044,2025-04-13
IMAB,0.6469658247569053,0.8429900000000001,-0.071429,0.05493563784430463,0.044,2025-04-13
IMAX,-1.4855012427506211,0.44825,-0.032958,0.1129863651580119,0.044,2025-04-13
IMCR,0.7955754944079676,54.484939999999995,0.08263,0.05702253691446082,0.044,2025-04-13
IMMR,1.6409495548961421,0.5529999999999999,-0.012127,0.32620270640573074,0.044,2025-04-13
IMMX,-0.4117647058823528,0.06999999999999998,0.005495,0.3476158271943917,0.044,2025-04-13
IMNM,-13.89429287403381,3.93667,-0.104133,0.16304136461796526,0.044,2025-04-13
IMVT,0.0769305511696261,0.031669999999999976,-0.043222,0.4785947147364901,0.044,2025-04-13
INAB,0.20754716981132082,0.05500000000000002,0.174658,0.07249416674340697,0.044,2025-04-13
INBX,35.85555555555556,129.08,-0.001745,0.136089692789853,0.044,2025-04-13
INDB,0.4818181818181816,0.5299999999999998,0.045329,0.02169665226097066,0.044,2025-04-13
INFY,-0.04666066415973737,0.008810000000000012,-0.027426,0.1537279086500327,0.044,2025-04-13
INM,-1.550909090909091,170.60000000000002,0.313112,0.06369389949925218,0.044,2025-04-13
INMB,0.12,0.03,-0.297917,0.1515686345123108,0.044,2025-04-13
INOD,2.984375,0.382,0.757601,0.159721415154388,0.044,2025-04-13
INSE,1.6176496539901426,1.2833299999999999,0.243208,0.056647420457650324,0.044,2025-04-13
INTC,0.544673586081678,0.60297,-0.116786,0.02526752963115054,0.044,2025-04-13
INTT,-0.4285714285714286,0.06000000000000001,-0.227092,0.04910664861411396,0.044,2025-04-13
INTU,0.5289988532508603,0.7611500000000002,-0.030576,0.04970080775082973,0.044,2025-04-13
INVH,-0.34976971010566243,0.06455,-0.077009,0.051988600092235146,0.044,2025-04-13
INVZ,0.16000000000000003,0.04000000000000001,0.156788,0.151089954489481,0.044,2025-04-13
INZY,-4.35929203539823,6.157500000000001,-0.10979,0.0494546992842139,0.044,2025-04-13
IOBT,-22.05,35.28,-0.174,0.06019205355366304,0.044,2025-04-13
IOT,0.6666666666666666,0.039999999999999994,0.045378,0.6522372083295698,0.044,2025-04-13
IP,0.9815739358690618,0.38142000000000004,-0.008713,0.06850041293292829,0.044,2025-04-13
IPG,0.6579819990525815,0.27779999999999994,0.113208,0.02285058573622608,0.044,2025-04-13
IPGP,0.3415258576548899,0.3335,0.077358,0.06543809433740032,0.044,2025-04-13
IPSC,-3.631962944296445,1.5133299999999998,0.02994,0.055649683442006666,0.044,2025-04-13
IPWR,0.11904761904761903,0.04999999999999999,-0.002679,0.3536570525890481,0.044,2025-04-13
IR,0.06976834652714294,0.21521999999999997,-0.091335,0.05334931498854373,0.044,2025-04-13
IRBT,-2.057635175282234,3.463,-0.031806,0.06932268453510858,0.044,2025-04-13
IREN,-1.575757575757576,0.20800000000000002,0.669922,0.13224470608701613,0.044,2025-04-13
IRIX,-0.5454545454545455,0.06000000000000001,-0.282513,0.07436775777662478,0.044,2025-04-13
IRMD,0.5714285714285715,0.12000000000000002,0.236641,0.055198451319533014,0.044,2025-04-13
IRTC,0.26065208660411116,0.28556000000000004,0.590104,0.11639349754327043,0.044,2025-04-13
IRWD,-1.0,0.15333,-0.326123,0.08549472796872862,0.044,2025-04-13
ISPR,-inf,0.03,0.509259,0.11605186051925853,0.044,2025-04-13
ISRG,0.3368692105233175,0.29566000000000003,0.098963,0.03068737305341856,0.044,2025-04-13
ISTR,-0.6758893280632413,0.4275000000000001,-0.13983,0.04412118286835081,0.044,2025-04-13
ITMR,-0.6605166051660517,0.1432,-0.073856,0.042003845951459104,0.044,2025-04-13
ITOS,-62.08021390374331,29.022499999999997,-0.0789,0.05550661055050874,0.044,2025-04-13
ITRI,3.5888743210339014,0.38322,-0.019416,0.7195291466425052,0.044,2025-04-13
ITRM,-10.571428571428571,11.1,0.082474,0.05601397932208963,0.044,2025-04-13
ITW,0.1446930864417896,0.3728900000000004,0.045878,0.03165049298014322,0.044,2025-04-13
IVT,2.0,0.02,0.057119,0.07485304649914021,0.044,2025-04-13
IVZ,-0.34685723067465807,0.18056,-0.211329,0.08835015043567135,0.044,2025-04-13
IXHL,-13.330523167326195,10.07241,-0.145299,0.059094491776060486,0.044,2025-04-13
IZEA,-0.7500000000000001,0.12000000000000002,0.18631,0.11817498889914417,0.044,2025-04-13
JAKK,4.962264150943396,2.63,0.314988,0.06423364219981743,0.044,2025-04-13
JAMF,0.20048019207683068,0.0016699999999999996,-0.221415,0.13794370984257012,0.044,2025-04-13
JANX,-3.769230769230769,0.49,-0.121649,0.03468401572988214,0.044,2025-04-13
JBGS,12.333333333333336,1.11,0.021104,0.05570791767850286,0.044,2025-04-13
JBHT,-0.21855921855921853,0.5369999999999999,0.049521,0.02609266428246351,0.044,2025-04-13
JBI,-0.4642770174840501,0.09533000000000001,-0.297769,0.05614995691715643,0.044,2025-04-13
JBLU,-3.224719101123595,0.35874999999999996,-0.064028,0.04693686814073842,0.044,2025-04-13
JBSS,0.7727272727272725,0.5099999999999999,-0.031372,0.06649304742887176,0.044,2025-04-13
JD,0.5402716868114235,3.283149999999999,0.042471,0.12245667622010002,0.044,2025-04-13
JELD,4.633349428617414,0.28786999999999996,0.142176,0.0426734811604933,0.044,2025-04-13
JFIN,-0.25,0.25,0.966102,0.20367384521259196,0.044,2025-04-13
JHG,0.3756613756613757,0.28400000000000003,-0.08819,0.0331146568900724,0.044,2025-04-13
JILL,-4.416666666666667,2.65,-0.106875,0.043716490152939325,0.044,2025-04-13
JJSF,0.9483870967741935,0.735,-0.043573,0.08638749786198992,0.044,2025-04-13
JKHY,0.1945647304763326,0.15635999999999994,0.087453,0.037829640128574656,0.044,2025-04-13
JKS,1.2986111111111112,1.87,0.140981,0.03071263405045264,0.044,2025-04-13
JMIA,0.6103870804355872,0.31332999999999994,-0.155673,0.10507021927878521,0.044,2025-04-13
JNJ,0.15261643931725005,0.3045399999999998,-0.016314,0.09147476872381734,0.044,2025-04-13
JNPR,-0.2931573067013248,0.12857000000000002,-0.006402,0.07284254300957707,0.044,2025-04-13
JOB,5.08695652173913,2.34,-0.265432,0.0609542678465904,0.044,2025-04-13
JOBS,-0.5761772853185596,2.08,0.011538,0.05603259629643836,0.044,2025-04-13
JOBY,-2.0779753761969904,0.3038,0.09816,0.03621965991005199,0.044,2025-04-13
JRSH,-2.076923076923077,0.135,0.023109,0.47889737937756083,0.044,2025-04-13
JSPR,-1.2998544395924307,4.465,0.167742,0.14382076383808937,0.044,2025-04-13
JTAI,-5.833333333333333,236.25,-0.004118,0.08930511348426666,0.044,2025-04-13
JVA,-1.5714285714285714,0.11000000000000001,0.010415,0.06821180560931342,0.044,2025-04-13
JYNT,-63.5,0.762,0.299781,0.0756458847578092,0.044,2025-04-13
K,0.3244325767690253,0.30374999999999996,0.005218,0.08663025461955164,0.044,2025-04-13
KALA,-0.710691823899371,14.125,-0.142857,0.051436326064939725,0.044,2025-04-13
KAR,-1.0358808754933622,0.2887,-0.137053,0.035256392769648225,0.044,2025-04-13
KARO,0.15975539039305467,0.8733300000000002,-0.003203,0.05330342774426691,0.044,2025-04-13
KBDC,0.04330708661417327,0.02200000000000002,0.009091,0.09256412356142682,0.044,2025-04-13
KBH,0.4134751295685536,0.18429,0.376211,0.14359392564092147,0.044,2025-04-13
KBNT,0.15,0.03,0.489362,0.12960372083861474,0.044,2025-04-13
KBR,0.1811023622047242,0.1057999999999999,0.074189,0.02957947991654365,0.044,2025-04-13
KD,-2.135493985464469,2.20667,-0.128651,0.04641136932683376,0.044,2025-04-13
KEX,0.20934959349593493,0.20599999999999996,0.109946,0.02757595044128168,0.044,2025-04-13
KFY,0.5319018561544155,0.20832999999999996,0.000977,0.47870554574403734,0.044,2025-04-13
KHC,0.25608166120774634,0.16105999999999998,0.05594,0.030705589155312647,0.044,2025-04-13
KIM,22.85935537881959,1.63833,0.042832,0.0525773122218914,0.044,2025-04-13
KIRK,3.6885245901639343,1.125,0.193445,0.0650541571007727,0.044,2025-04-13
KITT,4.0,21.6,0.060773,0.0280493518586126,0.044,2025-04-13
KLAC,0.13708474663625853,0.85114,-0.027274,0.04691993627825308,0.044,2025-04-13
KLDO,0.1896551724137931,0.10999999999999999,-0.817635,0.1600305999583088,0.044,2025-04-13
KLG,-0.013990672884743444,0.005249999999999977,0.019709,0.39331870909512273,0.044,2025-04-13
KLIC,-4.925619834710743,1.192,0.003957,0.08444972120234465,0.044,2025-04-13
KLTR,-2.6986301369863015,0.197,-0.279441,0.07694461442708964,0.044,2025-04-13
KLXE,-10.15151515151515,3.35,0.139785,0.08508754271735804,0.044,2025-04-13
KMB,0.2305394170549089,0.37656999999999985,0.055146,0.022301456784766405,0.044,2025-04-13
KMDA,-2.6,0.065,0.153846,0.10930456239008642,0.044,2025-04-13
KMI,1.471169686985173,0.35719999999999996,0.025882,0.022658741857949544,0.044,2025-04-13
KMT,0.0,0.0,0.023643,0.7983961256617127,0.044,2025-04-13
KMX,0.6093796851000814,0.99583,0.066734,0.029952449800774605,0.044,2025-04-13
KNF,0.38461786157041433,0.7166700000000001,-0.061398,0.07082189108450847,0.044,2025-04-13
KNOP,-1.6226415094339623,0.8600000000000001,-0.014975,0.04814817959920605,0.044,2025-04-13
KNSA,3.0638977635782747,2.3975,0.120841,0.03747035833689812,0.044,2025-04-13
KNSL,0.6130504915238764,0.6042900000000001,0.13493,0.03507331455747052,0.044,2025-04-13
KO,0.20826596066028186,0.11721000000000004,0.009563,0.08096771707746794,0.044,2025-04-13
KOD,-0.3146008827655091,0.42837000000000014,-0.804171,0.14760676070033943,0.044,2025-04-13
KOPN,0.20000000000000004,0.010000000000000002,-0.047778,0.426491627734916,0.044,2025-04-13
KPLT,-1.4916201117318435,2.67,-0.267391,0.07477095762692135,0.044,2025-04-13
KR,0.18214780376346473,0.20647000000000015,0.098831,0.07077257123280252,0.044,2025-04-13
KRBP,-1.0,11.4,0.010345,0.16001798967373373,0.044,2025-04-13
KREF,-4.318385650224215,0.4815,-0.138488,0.05917027392612679,0.044,2025-04-13
KRG,-51.0,0.51,0.045476,0.02772661032130203,0.044,2025-04-13
KRKR,2.3333333333333335,9.8,-0.042373,0.05893441954479366,0.044,2025-04-13
KRNT,0.15384615384615388,0.020000000000000004,0.001287,0.7964539843027465,0.044,2025-04-13
KRNY,-17.11111111111111,1.54,0.050919,0.04041589468302864,0.044,2025-04-13
KROS,-12.810810810810812,4.74,0.062033,0.10012564742787229,0.044,2025-04-13
KRP,-18.76908023483366,2.39775,0.034978,0.064366102054486,0.044,2025-04-13
KRUS,-270.0058479532164,0.46171,-0.081079,0.09121046619947797,0.044,2025-04-13
KSCP,0.2727272727272727,1.5,0.126984,0.043947539455410106,0.044,2025-04-13
KSPI,-0.040340732953243606,52.377500000000055,-0.053338,0.032435691301596035,0.044,2025-04-13
KSS,-3.5446332764452806,3.4685300000000003,-0.02219,0.061208674133654085,0.044,2025-04-13
KTB,1.3080260303687634,0.75375,0.112,0.033538956263173526,0.044,2025-04-13
KTTA,3.4,3.4,-0.007407,0.268059594942937,0.044,2025-04-13
KULR,-0.3847219016847449,0.016669999999999997,0.421435,0.08528424246351533,0.044,2025-04-13
KVHI,-20.0,0.6,0.033708,0.1968782922938172,0.044,2025-04-13
KVUE,0.1619462599854758,0.04460000000000003,0.146784,0.12241408255373304,0.044,2025-04-13
KVYO,0.5237708248679398,0.051559999999999995,0.333622,0.1363723652516256,0.044,2025-04-13
KYMR,-0.4033336971605883,0.25867000000000007,0.181291,0.04029095089790362,0.044,2025-04-13
KYTX,-7.324371565731854,23.63333,-0.093398,0.09640608434001717,0.044,2025-04-13
KZR,0.19871794871794876,0.7440000000000002,0.166987,0.03633931540687405,0.044,2025-04-13
LAC,-2.411764705882353,0.10250000000000001,-0.039387,0.05919132240017428,0.044,2025-04-13
LADR,3.499437570303712,0.09333,0.006812,0.17386579833012394,0.044,2025-04-13
LAKE,5.903225806451613,0.915,0.20412,0.1846702766118921,0.044,2025-04-13
LAMR,-0.49651432997676215,0.6409999999999999,-0.027308,0.028993790664532282,0.044,2025-04-13
LANC,-0.7436893203883495,0.9575,-0.105615,0.05783248694106354,0.044,2025-04-13
LAZ,0.7056780584040607,0.68678,0.02261,0.03557995251444264,0.044,2025-04-13
LAZR,-50.32075471698112,40.004999999999995,0.152161,0.02943427173813103,0.044,2025-04-13
LCID,0.17322834645669297,0.04400000000000001,0.237077,0.05826742663201619,0.044,2025-04-13
LCUT,0.26114649681528657,0.20499999999999996,-0.244094,0.10820773242583648,0.044,2025-04-13
LDI,0.7350353203618786,0.41516999999999993,-0.121693,0.03356531261287675,0.044,2025-04-13
LEA,0.26455681182513174,0.7803499999999999,0.01514,0.05831659571328155,0.044,2025-04-13
LEE,-1.8320610687022902,2.4000000000000004,0.005062,0.6503274166839603,0.044,2025-04-13
LEG,-0.04166666666666659,0.009999999999999981,-0.26674,0.06017690170087659,0.044,2025-04-13
LEGH,-0.603399433427762,0.42599999999999993,-0.156014,0.08805027208769446,0.044,2025-04-13
LEGN,-3.846153846153846,1.0,-0.043835,0.0576120675455158,0.044,2025-04-13
LEN,0.38165878530184033,1.2485699999999995,-0.003208,0.07781644750423566,0.044,2025-04-13
LFST,-0.5714285714285713,0.07999999999999999,-0.464563,0.10878822049582589,0.044,2025-04-13
LFUS,0.5405989502933005,1.7510000000000003,0.106732,0.03162325234031859,0.044,2025-04-13
LGIH,0.5790967566551932,1.4485700000000001,-0.050864,0.042179931069158766,0.044,2025-04-13
LGL,58.699999999999996,5.87,-0.020661,0.0741532454347477,0.044,2025-04-13
LGND,1.5503355704697983,1.3859999999999997,-0.023699,0.056520970728142446,0.044,2025-04-13
LGO,-2.8181818181818183,0.155,-0.04712,0.15659445622695534,0.044,2025-04-13
LIDR,-2.0,3.0,0.13089,0.044247932409506474,0.044,2025-04-13
LIF,-0.6216216216216216,0.057499999999999996,0.091277,0.10857422987179678,0.044,2025-04-13
LINK,0.6,0.060000000000000005,0.092683,0.15469275933764698,0.044,2025-04-13
LIQT,-3.0000000000000004,1.2000000000000002,0.106095,0.07122780204935236,0.044,2025-04-13
LKFN,-0.37414219050233327,0.34075,0.013384,0.04810219830113931,0.044,2025-04-13
LLY,0.5092421833190238,1.32267,0.001288,0.29613573369117235,0.044,2025-04-13
LM,0.15923581356760513,0.14011000000000007,0.001006,0.05972148468044637,0.044,2025-04-13
LMAT,30.484257871064468,0.20332999999999998,0.103007,0.027369344247665222,0.044,2025-04-13
LMFA,-2.3555555555555556,6.36,-0.070909,0.06981997803715687,0.044,2025-04-13
LMND,0.06750026491469745,0.06369999999999998,0.47,0.09810810259465223,0.044,2025-04-13
LMNR,3.3863636363636362,1.192,0.04534,0.06495190606124172,0.044,2025-04-13
LMPX,2.135135135135135,0.79,0.088584,0.06291362222925904,0.044,2025-04-13
LNC,-1.3547759245115671,2.7494500000000004,0.251247,0.08989644025760168,0.044,2025-04-13
LNKB,1.2162162162162162,0.45,0.033386,0.05558262328541444,0.044,2025-04-13
LNSR,-1.6779661016949154,0.49500000000000005,-0.099323,0.1142533527882287,0.044,2025-04-13
LNTH,1.108695652173913,0.51,0.123309,0.032842355227542794,0.044,2025-04-13
LNZA,-0.03174603174603177,0.0040000000000000036,0.200837,0.03924056958653392,0.044,2025-04-13
LOAR,0.3043042038727803,0.03033000000000001,0.189055,0.05705574825891595,0.044,2025-04-13
LOB,1.478902953586498,0.8412,-0.031863,0.1658252673559992,0.044,2025-04-13
LOCO,3.0000000000000004,0.15000000000000002,0.148837,0.043253508273046734,0.044,2025-04-13
LOGI,1.3966740034238199,1.42775,0.04512,0.03958748762658678,0.044,2025-04-13
LOMA,8.377726887192535,493.86699999999996,-0.059896,0.05918550008653163,0.044,2025-04-13
LOPE,0.15950564568820338,0.17332999999999998,0.125369,0.04315583648236828,0.044,2025-04-13
LOVE,2.7709211821745026,1.4916699999999998,0.208183,0.0628978640253173,0.044,2025-04-13
LOW,0.2722818969553446,0.80254,0.026941,0.05273730404609866,0.044,2025-04-13
LPCN,15.999999999999998,2.7199999999999998,0.084615,0.04326465775097893,0.044,2025-04-13
LPLA,0.12095237838609812,0.4488700000000003,0.117291,0.03976461595126264,0.044,2025-04-13
LPSN,-1.4725768746628307,0.3275600000000001,-0.577277,0.11773161720119647,0.044,2025-04-13
LPTH,inf,0.03,0.51282,0.09792398919039667,0.044,2025-04-13
LPTV,-0.09999999999999995,0.009999999999999995,0.109085,0.39285362992984707,0.044,2025-04-13
LPTX,-2.2653061224489797,2.22,0.171333,0.054067795752810316,0.044,2025-04-13
LPX,0.3635026869023537,0.4078900000000001,0.207894,0.07879740365631088,0.044,2025-04-13
LQDA,0.3421052631578948,0.07800000000000001,0.278459,0.08235385046867111,0.044,2025-04-13
LQDT,0.28571428571428586,0.060000000000000026,0.012105,0.7974992432924778,0.044,2025-04-13
LRCX,0.20569119012507509,0.15064,0.032107,0.04891565257030006,0.044,2025-04-13
LRN,3.3585106876246114,0.7243299999999999,0.391068,0.07478866805815122,0.044,2025-04-13
LSB,0.0670536514575953,0.015710000000000002,0.06643,0.019400177530436893,0.044,2025-04-13
LSCC,0.01602637834521899,0.008360000000000034,-0.173577,0.041718369396794006,0.044,2025-04-13
LSEA,2.55,0.51,0.052632,0.07370795316470291,0.044,2025-04-13
LSF,1.0869565217391304,0.25,1.043011,0.19154539333968593,0.044,2025-04-13
LSTR,0.23643611131615844,0.3843599999999998,0.012695,0.03567010324859819,0.044,2025-04-13
LTH,2.3793103448275863,0.207,0.183953,0.06665119331778853,0.044,2025-04-13
LTRN,0.3626373626373627,0.16500000000000004,0.332143,0.07853649534154879,0.044,2025-04-13
LTRPA,-1.3636363636363638,0.30000000000000004,-0.133858,0.052616491098804494,0.044,2025-04-13
LTRX,0.5418502202643173,0.024600000000000004,0.385417,0.09660940704190595,0.044,2025-04-13
LUCD,-0.0454545454545455,0.010000000000000009,0.03006,0.3268556061967027,0.044,2025-04-13
LUCY,-0.35714285714285715,1.0,0.118315,0.11061547001171414,0.044,2025-04-13
LULU,0.015723398204201083,0.0309600000000001,-0.128488,0.6512605360188173,0.044,2025-04-13
LUNA,-0.07695857851621087,0.006669999999999995,-0.320794,0.06721616933174039,0.044,2025-04-13
LUNG,0.04178329172655515,0.016569999999999974,-0.6094,0.11926807009725257,0.044,2025-04-13
LUV,0.23310603943856226,0.39210999999999996,-0.036237,0.06581665987795021,0.044,2025-04-13
LUXH,-1.9000000000000001,13.3,0.176634,0.10623405660337405,0.044,2025-04-13
LVLU,-4.88235294117647,0.2075,-0.1875,0.054472912477826686,0.044,2025-04-13
LVRO,-22.400000000000002,0.56,-0.137558,0.0442247473024337,0.044,2025-04-13
LVTX,-14.13451532562326,11.463940000000001,-0.073118,0.047004007668460024,0.044,2025-04-13
LVWR,0.42105263157894735,0.08,0.10327,0.04216550352507215,0.044,2025-04-13
LW,-0.3792576558222448,0.4765599999999999,-0.282371,0.05326505169674775,0.044,2025-04-13
LWAY,0.24999999999999994,0.04999999999999999,0.486173,0.09676697547404878,0.044,2025-04-13
LX,-6.247999999999999,3.905,0.023649,0.31311793233500984,0.044,2025-04-13
LXEO,-0.3115817085930707,0.21143,-0.145244,0.06537020189345885,0.044,2025-04-13
LXP,52.142857142857146,0.9125000000000001,0.027609,0.060460534808159404,0.044,2025-04-13
LYEL,-1.4383561643835618,0.525,0.037115,0.0632991877950484,0.044,2025-04-13
LYFT,-0.7334605597964378,0.46120000000000005,0.216692,0.06035503884383037,0.044,2025-04-13
LYRA,-0.3358778625954197,0.08799999999999997,-0.870596,0.17144426427080375,0.044,2025-04-13
LYTS,0.0666666666666666,0.014999999999999986,-0.014755,0.49365356183680137,0.044,2025-04-13
LYV,-0.282420749279539,0.5880000000000001,0.003792,0.10443533753110995,0.044,2025-04-13
LZM,-26.454545454545453,4.365,-0.112554,0.07820153692452121,0.044,2025-04-13
MAA,0.946524064171123,0.885,0.045398,0.033758365848549514,0.044,2025-04-13
MAIA,0.7215189873417722,0.28500000000000003,-0.123494,0.06397393265443661,0.044,2025-04-13
MANH,0.630861537842028,0.31333000000000005,0.079867,0.029783964995068486,0.044,2025-04-13
MARA,-7.966141020095165,2.0257099999999997,0.159461,0.04853697943758215,0.044,2025-04-13
MAS,0.329923273657289,0.258,0.024303,0.04066914046652961,0.044,2025-04-13
MAT,1.4310975765795733,0.5592299999999999,0.095588,0.02889218418880935,0.044,2025-04-13
MATW,0.6578947368421053,0.25,0.041307,0.17422128136077314,0.044,2025-04-13
MAXN,-1.3763440860215055,128.0,-0.14918,0.06336932321401315,0.044,2025-04-13
MBI,-17.838709677419356,2.765,-0.088276,0.11374841292623218,0.044,2025-04-13
MBIN,1.7521192449500522,0.556,0.105539,0.029860541234077262,0.044,2025-04-13
MBT,-0.6357267950963222,10.889999999999999,-0.14305,0.06496119294011107,0.044,2025-04-13
MBUU,0.3326049107256825,0.65143,0.079748,0.07869107290581284,0.044,2025-04-13
MBWM,0.6875000000000001,0.22000000000000003,0.094268,0.030128796946982127,0.044,2025-04-13
MBX,-0.023311627838493325,0.06332999999999966,-0.082306,0.08927774613585665,0.044,2025-04-13
MCB,0.26050420168067234,0.4650000000000001,-0.024679,0.2124356506314862,0.044,2025-04-13
MCD,0.13778709383333754,0.38389000000000006,0.011791,0.05024603721848986,0.044,2025-04-13
MCFT,0.4469914040114614,0.31200000000000006,0.107708,0.04327742770588453,0.044,2025-04-13
MCHP,0.07882836284101312,0.05333999999999994,0.049123,0.170732326943767,0.044,2025-04-13
MCK,0.3203091455560326,1.492,0.052143,0.01837556085324779,0.044,2025-04-13
MCRB,2.5555459534200407,1.18286,0.203785,0.05127350256828279,0.044,2025-04-13
MCRI,0.6607555898226677,0.4285,0.10982,0.0353170894848284,0.044,2025-04-13
MCW,-0.058823529411764754,0.0050000000000000044,0.008919,0.7180825929709834,0.044,2025-04-13
MDAI,-0.04350094567273208,0.006670000000000009,-0.060606,0.49349469625579423,0.044,2025-04-13
MDRR,-3.75,4.8,0.055866,0.08254975838912129,0.044,2025-04-13
MDRX,1.4517410464899758,0.46778000000000003,0.042246,0.050859682067261346,0.044,2025-04-13
MDT,2.4578918014500837,0.4407,0.014524,0.05126898473292511,0.044,2025-04-13
MDU,0.8268489709702282,0.28967000000000004,-0.005631,0.1639144301652393,0.044,2025-04-13
MDV,-5.7142857142857135,0.7999999999999999,-0.047588,0.05421953455903747,0.044,2025-04-13
MDWD,-1.5819460496225444,0.6433300000000001,-0.100056,0.07101143679510727,0.044,2025-04-13
MDXG,0.3077189338871582,0.02667,0.393701,0.07643016075752145,0.044,2025-04-13
MDXH,-0.48148148148148145,0.13,-0.057592,0.6259758867246954,0.044,2025-04-13
MERC,-1.2424242424242422,0.82,0.098086,0.056263922308159936,0.044,2025-04-13
MFA,-15.70722739495491,8.58667,-0.09772,0.19190127586765401,0.044,2025-04-13
MFG,0.32727272727272716,0.03599999999999999,-0.097561,0.05215363254471259,0.044,2025-04-13
MG,-1.857142857142857,0.065,0.081218,0.3712054473342873,0.044,2025-04-13
MGIC,0.1249799110730165,0.02332999999999999,0.026076,0.2803714538693431,0.044,2025-04-13
MGNX,0.10680983883315995,0.10882000000000003,2.309211,0.4261041481069026,0.044,2025-04-13
MGRC,-0.5111111111111111,1.955,0.08506,0.05430933055755722,0.044,2025-04-13
MGRM,-0.22222222222222227,0.020000000000000004,0.162996,0.04862857772511542,0.044,2025-04-13
MGTX,0.7669902912621359,0.395,-0.279969,0.0965206826270216,0.044,2025-04-13
MHH,0.8400000000000001,0.10500000000000001,0.172662,0.07728762387181681,0.044,2025-04-13
MHLD,-2.7500000000000004,0.22000000000000003,-0.408867,0.11177505623613514,0.044,2025-04-13
MHO,0.6816326530612244,1.67,-0.033443,0.021491230321291216,0.044,2025-04-13
MIRA,-2.25,0.18,0.725146,0.13605259000448947,0.044,2025-04-13
MIRM,-5.811594202898551,2.005,0.075472,0.04722246007823385,0.044,2025-04-13
MIST,0.6798029556650247,0.276,-0.073964,0.04636143748458371,0.044,2025-04-13
MITK,-0.03846153846153849,0.010000000000000009,0.058824,0.2960434859969148,0.044,2025-04-13
MITT,28.0,3.36,0.177843,0.04988475206598849,0.044,2025-04-13
MKSI,0.4915800307265487,0.6591400000000001,0.05153,0.03360041609561883,0.044,2025-04-13
MKTX,0.2108361142009639,0.3639199999999998,-0.177961,0.03392215183351205,0.044,2025-04-13
MLEC,0.0,0.0,-0.084651,0.020405527722569504,0.044,2025-04-13
MLI,1.3137254901960782,0.6699999999999999,-0.051779,0.01825115545908533,0.044,2025-04-13
MLM,1.2106006488522274,1.18289,0.056247,0.03438794625820719,0.044,2025-04-13
MLNX,0.5163934426229507,0.8819999999999999,0.018051,0.04335753625837803,0.044,2025-04-13
MLYS,-0.04790419161676634,0.03199999999999992,0.010054,0.7980671855565614,0.044,2025-04-13
MMC,0.2271573426083053,0.3239399999999999,-0.006299,0.08687392565557567,0.044,2025-04-13
MMLP,0.04220948410630543,0.005670000000000008,0.333333,0.07373527685384153,0.044,2025-04-13
MMM,0.26197274836728635,0.4504699999999999,0.053323,0.03530851356306469,0.044,2025-04-13
MMS,0.6258992805755396,0.43499999999999994,0.161876,0.046798044015038585,0.044,2025-04-13
MMSI,0.36538461538461525,0.18999999999999995,0.03926,0.15084202812381536,0.044,2025-04-13
MMYT,-0.11475409836065584,0.03500000000000003,0.001307,0.4786159762458102,0.044,2025-04-13
MNKD,-0.6666666666666667,0.024,-0.297723,0.07291573449359408,0.044,2025-04-13
MNOV,0.0,0.0,0.950355,0.17466170911946727,0.044,2025-04-13
MNPR,-0.12195121951219513,0.125,-0.513423,0.20898835813668593,0.044,2025-04-13
MNRO,35.666666666666664,0.214,0.183109,0.079920144444629,0.044,2025-04-13
MNSB,-1.1904761904761905,0.5,-0.02782,0.05389468194830806,0.044,2025-04-13
MNSO,0.29545822573359587,0.34667000000000003,-0.085714,0.07353450993990575,0.044,2025-04-13
MNTK,-0.10000000000000009,0.010000000000000009,-0.368164,0.08135514988855622,0.044,2025-04-13
MNTS,-0.17647058823529413,21.0,-0.082195,0.045804531179557594,0.044,2025-04-13
MO,0.11054508405501787,0.10850000000000004,-0.030146,0.06772556639919658,0.044,2025-04-13
MODD,0.4358974358974359,0.17,0.05,0.3465380231725319,0.044,2025-04-13
MOFG,-1.1889763779527558,0.755,0.082927,0.055036617740363176,0.044,2025-04-13
MOGU,0.21505376344086025,2.4000000000000004,0.317073,0.06816501529458033,0.044,2025-04-13
MOLN,0.4615384615384615,0.48,-0.091674,0.05240620363225154,0.044,2025-04-13
MOMO,-0.8520992366412213,1.786,-0.123188,0.038984555937064395,0.044,2025-04-13
MOTS,0.27419354838709675,17.0,-0.12605,0.045081747669886776,0.044,2025-04-13
MPAA,-5.714285714285714,0.4,0.019576,0.2955099605905696,0.044,2025-04-13
MPW,-25.363636363636363,1.395,0.081498,0.05289726490711684,0.044,2025-04-13
MPWR,0.10339676450117974,0.3045499999999999,0.093922,0.03017227199062083,0.044,2025-04-13
MRAI,0.21276595744680848,0.3999999999999999,0.16092,0.06541511043921426,0.044,2025-04-13
MRAM,9.999999999999998,0.09999999999999999,0.632219,0.12504869101706642,0.044,2025-04-13
MRCC,1.214285714285714,0.33999999999999997,0.117834,0.03644665242513964,0.044,2025-04-13
MRCY,-2.1846153846153844,1.42,0.07038,0.03933787008480949,0.044,2025-04-13
MREO,-9.11551471057502,7.14155,0.061275,0.06394209254257079,0.044,2025-04-13
MRK,0.3158526629208088,0.3288500000000001,-0.00037,0.10023363679246475,0.044,2025-04-13
MRNA,-3.9446643802566244,7.60267,0.088446,0.09203819354996705,0.044,2025-04-13
MRSN,-5.777777777777779,0.52,0.132137,0.07853696475310969,0.044,2025-04-13
MRTN,0.21875000000000003,0.07,0.178426,0.03310153054669037,0.044,2025-04-13
MRUS,-1.1924511846504193,0.9844400000000001,0.002079,0.10104703878031819,0.044,2025-04-13
MRVI,1.8460236886632824,0.02182,0.636008,0.12957113088814634,0.044,2025-04-13
MRVL,-0.02853052459351687,0.016740000000000088,0.031923,0.650705283136623,0.044,2025-04-13
MSEX,-0.3563218390804597,0.30999999999999994,0.0731,0.06140529872991545,0.044,2025-04-13
MSFT,0.23688475646165652,0.3887799999999999,0.002453,0.06631465894671908,0.044,2025-04-13
MSGM,-1.582783167406071,7.96667,0.10245,0.07626543088573833,0.044,2025-04-13
MSM,0.20473633484785894,0.2379199999999999,-0.016207,0.08890114180785483,0.044,2025-04-13
MTD,0.16307974095636818,1.2465000000000002,0.023604,0.7988631376351898,0.044,2025-04-13
MTDR,10.99760047990402,0.18333000000000002,0.359026,0.0751052661006346,0.044,2025-04-13
MTH,0.43970724040816556,0.7665899999999999,0.087356,0.02166000588480321,0.044,2025-04-13
MTNB,0.3333333333333333,0.5,0.364576,0.08535149667414098,0.044,2025-04-13
MUR,0.2369653970146192,0.3697299999999999,-0.060944,0.03922577773782084,0.044,2025-04-13
MURA,0.3082706766917293,0.8200000000000001,-0.033419,0.05921124973803544,0.044,2025-04-13
MVBF,1.6216216216216215,0.6,0.174712,0.0605519313410489,0.044,2025-04-13
MVST,1.7692307692307692,0.115,3.40011,0.6240021904131619,0.044,2025-04-13
MXCT,0.07407407407407401,0.003999999999999997,-0.069281,0.27138634158449515,0.044,2025-04-13
MYE,-0.3265168676911774,0.05333,-0.160133,0.28533401875439485,0.044,2025-04-13
MYFW,3.842926327518964,0.8966699999999999,0.071058,0.037269155126693376,0.044,2025-04-13
MYGN,0.4957983193277311,0.1475,0.189643,0.1003406026934,0.044,2025-04-13
MYNZ,-0.3333333333333332,5.599999999999998,0.075342,0.03985223353294185,0.044,2025-04-13
MYSZ,0.624113475177305,7.039999999999999,0.217033,0.05306458068824553,0.044,2025-04-13
MYTE,inf,0.04,0.20155,0.0651832540186831,0.044,2025-04-13
NABL,-0.06417112299465239,0.004799999999999999,0.163055,0.05977157270715214,0.044,2025-04-13
NAMS,-1.0108510073225327,0.53286,0.001833,0.16337675468149435,0.044,2025-04-13
NAT,-0.024415229639747325,0.0028600000000000014,0.260417,0.06754204568953016,0.044,2025-04-13
NAUT,-1.714285714285714,0.12,-0.093333,0.04496072719491464,0.044,2025-04-13
NBBK,-0.19230769230769237,0.05000000000000002,0.08949,0.05760709092516827,0.044,2025-04-13
NBHC,0.5622317596566524,0.3275,0.056264,0.027374264526855766,0.044,2025-04-13
NBIX,-3.774669948534348,0.84345,-0.148137,0.05537479984075818,0.044,2025-04-13
NBN,0.6387096774193548,0.99,0.042975,0.047189162136172,0.044,2025-04-13
NCDL,-0.008547008547008555,0.0050000000000000044,0.005855,0.14074050018754347,0.044,2025-04-13
NCLH,-0.9749835418038183,0.48873,0.179487,0.05676794694600434,0.044,2025-04-13
NCMI,-2.522727272727273,4.44,0.065134,0.2769948558320235,0.044,2025-04-13
NCNA,-1.3146854821330227,411.7825,0.112735,0.07125011080338961,0.044,2025-04-13
NCNO,0.7727502954583826,0.09154,0.18953,0.06182801257779931,0.044,2025-04-13
NCSM,-1.305084745762712,1.54,0.081349,0.05104134740181653,0.044,2025-04-13
NDAQ,0.08742981748252943,0.050919999999999965,-0.007841,0.1656387997077261,0.044,2025-04-13
NDLS,0.24998557664570475,0.04333000000000001,0.242775,0.05934506670980899,0.044,2025-04-13
NDRA,-3.1739130434782608,31937.5,0.172412,0.0655876960169039,0.044,2025-04-13
NDSN,0.29032258064516137,0.4770000000000001,0.070924,0.022863523969920054,0.044,2025-04-13
NE,-0.28051306861176245,0.22613000000000005,0.112579,0.06715359118993885,0.044,2025-04-13
NEM,0.542950120630646,0.19354000000000005,0.124611,0.047284225827640865,0.044,2025-04-13
NEOG,-0.6666666666666666,0.09999999999999999,0.006443,0.2679893082642042,0.044,2025-04-13
NEOV,0.3333333333333333,0.009999999999999998,0.193103,0.049230078583875084,0.044,2025-04-13
NERV,3.512908777969019,8.164,0.058824,0.04045624880366995,0.044,2025-04-13
NESR,-0.18604651162790684,0.03199999999999997,-0.106026,0.08851994032218853,0.044,2025-04-13
NEWR,0.27446854821156497,0.03783,0.385199,0.075948401545642,0.044,2025-04-13
NEXA,-16.824074074074073,0.7268,0.072261,0.03645000342432272,0.044,2025-04-13
NEXI,-0.3592233009708738,4.625,0.118421,0.0673145370679405,0.044,2025-04-13
NFBK,0.43750000000000006,0.07,-0.04453,0.10065864010286231,0.044,2025-04-13
NFE,-2.6281407035175883,1.3075,0.039954,0.03972356573720822,0.044,2025-04-13
NFG,0.18543046357615894,0.28,0.034379,0.04516399321487789,0.044,2025-04-13
NFLX,0.45738329180574494,0.9729000000000001,0.130864,0.03612814694441079,0.044,2025-04-13
NGD,0.5278838808250574,0.013820000000000002,0.145695,0.04963311221932342,0.044,2025-04-13
NGVC,0.3,0.06,0.224219,0.06818867845763439,0.044,2025-04-13
NGVT,0.7641203544009383,0.7753300000000001,-0.035795,0.020064889327055448,0.044,2025-04-13
NHI,-0.9578725645076356,0.9095,-0.067301,0.019497898870853753,0.044,2025-04-13
NI,-0.05187255171037196,0.04157999999999995,-0.065634,0.0871011260695581,0.044,2025-04-13
NICE,0.0745466756212222,0.19979999999999976,-0.085254,0.05948994747268698,0.044,2025-04-13
NIU,-0.4230769230769231,0.55,-0.168582,0.048896679528146934,0.044,2025-04-13
NJR,0.49577886134890525,0.58667,-0.035978,0.040805072074424846,0.044,2025-04-13
NKSH,-0.22705314009661826,0.23499999999999988,0.046843,0.03102033306662354,0.044,2025-04-13
NKTX,0.0938897168405365,0.6299999999999999,0.103533,0.046617770403151966,0.044,2025-04-13
NL,0.8235294117647057,0.13999999999999999,0.037559,0.15068736345195807,0.044,2025-04-13
NLY,0.2761070228423157,0.25964,-0.042029,0.037369034674156414,0.044,2025-04-13
NMFC,-0.4666666666666666,0.13999999999999999,0.018385,0.05140820165488963,0.044,2025-04-13
NMIH,0.11620984745132085,0.0937,0.02787,0.1197357765894245,0.044,2025-04-13
NMM,-0.3144359924850196,1.6786699999999994,-0.105355,0.036314981548259635,0.044,2025-04-13
NMRA,-2.144827586206896,0.7774999999999999,0.085165,0.05537635967330848,0.044,2025-04-13
NMRD,0.611111111111111,0.10999999999999999,-0.098585,0.04665153613699402,0.044,2025-04-13
NMRK,-0.6017699115044248,0.136,0.164345,0.07450390681516654,0.044,2025-04-13
NN,0.29032258064516125,0.045,-0.089322,0.6259240345629341,0.044,2025-04-13
NNBR,-0.7999100044997751,0.05333,0.281017,0.07021302701553939,0.044,2025-04-13
NNDM,-2.0000000000000004,0.18000000000000002,-0.068293,0.07613871286308434,0.044,2025-04-13
NNE,0.9939375,15.903,-0.077637,0.10899312612901024,0.044,2025-04-13
NNI,1.4440019910403188,2.9010000000000002,0.016236,0.09789446936334642,0.044,2025-04-13
NNOX,-1.0,0.43,0.080547,0.0713618439210757,0.044,2025-04-13
NNVC,0.2727272727272727,0.06,0.405405,0.108402524810033,0.044,2025-04-13
NOAH,-0.44524151123864186,0.23275000000000007,0.076449,0.08390299822010468,0.044,2025-04-13
NOC,0.19817702016840147,1.0866700000000007,-0.007882,0.08131223894420615,0.044,2025-04-13
NOMD,0.20861797162375204,0.07940000000000003,-0.00462,0.717965545405749,0.044,2025-04-13
NPCE,-115.89285714285711,32.449999999999996,0.045685,0.07084281865100821,0.044,2025-04-13
NPO,1.4554455445544554,0.735,0.057367,0.039126185788120396,0.044,2025-04-13
NPWR,-8.30817610062893,0.6605,0.090634,0.032285015559885444,0.044,2025-04-13
NREF,0.5625000000000001,0.27,0.064603,0.052268319871620054,0.044,2025-04-13
NRGV,7.5,0.3,-0.228959,0.08905098360411906,0.044,2025-04-13
NRIM,1.8679245283018866,0.99,-0.04,0.03828770420251045,0.044,2025-04-13
NRP,-43.56,10.89,0.029116,0.04725848612043637,0.044,2025-04-13
NRXS,-6.9411764705882355,1.1800000000000002,0.141667,0.04144267502660406,0.044,2025-04-13
NSA,2.570188922497149,0.51833,-0.001967,0.09368062021298453,0.044,2025-04-13
NSC,0.12770890807522087,0.4643099999999998,-0.058588,0.02671007782557798,0.044,2025-04-13
NSIT,0.7395626242544732,0.744,-0.0267,0.18672796913908163,0.044,2025-04-13
NSP,-0.006785640504076145,0.008539999999999992,0.087692,0.08445947006902133,0.044,2025-04-13
NSSC,0.5104166666666665,0.09799999999999998,0.236304,0.056196037634111885,0.044,2025-04-13
NTAP,0.14801050962198492,0.2501199999999999,0.181665,0.051463228456885335,0.044,2025-04-13
NTCT,0.04761904761904766,0.025000000000000022,0.001964,0.7987115387232754,0.044,2025-04-13
NTES,0.5268603109822838,4.78945,0.048299,0.04425424147371162,0.044,2025-04-13
NTLA,0.1881410604907397,0.25954999999999995,0.012195,0.7968051611766507,0.044,2025-04-13
NTRA,0.5476923612198389,0.31482999999999994,0.191311,0.06116415468451242,0.044,2025-04-13
NTRB,-4.142888888888889,0.37285999999999997,0.10013,0.030163587971073238,0.044,2025-04-13
NTRS,-0.6055555555555556,1.09,-0.085986,0.024035461137227834,0.044,2025-04-13
NUE,0.09208402835578672,0.8153699999999997,0.091465,0.020629745232076335,0.044,2025-04-13
NURO,-0.6666666666666666,9.6,-0.258947,0.04850582184217748,0.044,2025-04-13
NUS,-0.39588688946015427,0.30800000000000005,-0.134023,0.05524480418613613,0.044,2025-04-13
NUTX,-6.166666666666667,1.48,0.345754,0.10130077211059148,0.044,2025-04-13
NUVB,0.4276447581799104,0.04483000000000001,0.192513,0.05613896163686449,0.044,2025-04-13
NUVL,-0.3661785424582676,0.34308000000000005,0.023719,0.09844947632423333,0.044,2025-04-13
NVCR,-0.544974198930878,0.17637000000000003,0.020994,0.09957611136788971,0.044,2025-04-13
NVCT,0.43529411764705883,0.37,-0.229885,0.06387589798388224,0.044,2025-04-13
NVDA,0.18568476014358754,0.017070000000000002,0.243696,0.07074632234997753,0.044,2025-04-13
NVMI,0.18731563421828906,0.254,0.19485,0.05653112077330488,0.044,2025-04-13
NVO,0.10565206219682154,0.5427599999999995,-0.040167,0.04207063586372221,0.044,2025-04-13
NVRO,23.832459117556315,2.3172300000000003,0.135967,0.042151410592956656,0.044,2025-04-13
NVT,0.2083333333333333,0.04999999999999999,0.018201,0.17467894074452037,0.044,2025-04-13
NVVE,-0.9310344827586207,108.0,0.309091,0.060405004056061,0.044,2025-04-13
NWL,0.6865776528460997,0.14654999999999999,0.405363,0.0729468824959974,0.044,2025-04-13
NWPX,0.42368240930869266,0.3095,0.067641,0.04379118468163232,0.044,2025-04-13
NXGL,0.0,0.0,-0.030651,0.49379895268222684,0.044,2025-04-13
NXPI,0.07168213907754968,0.21404000000000023,0.084402,0.02838309188687438,0.044,2025-04-13
NXRT,7.428663266618094,1.73333,0.054418,0.04364699189025464,0.044,2025-04-13
NXST,-0.3583535108958838,2.96,0.001721,0.08834494194648303,0.044,2025-04-13
NXTC,1.745156482861401,0.77286,-0.116621,0.048735889381004475,0.044,2025-04-13
NYAX,-0.04761904761904766,0.0010000000000000009,0.06748,0.625452151037382,0.044,2025-04-13
NYT,0.8060836501901141,0.1696,0.005741,0.17388010944324608,0.044,2025-04-13
NYXH,0.37358703843255464,0.15864,-0.151027,0.061226879658692286,0.044,2025-04-13
OABI,-1.5453388482341712,0.04857,-0.044321,0.7192128128196795,0.044,2025-04-13
OB,-3.2222222222222228,0.14500000000000002,-0.236607,0.06451130669160847,0.044,2025-04-13
OBIO,-0.40350877192982476,0.11500000000000005,-0.189796,0.069374704140952,0.044,2025-04-13
OCEA,-2.5333333333333337,0.38,-0.149888,0.032573444676904005,0.044,2025-04-13
OCFC,-1.0,0.4075,-0.073203,0.04091225577145912,0.044,2025-04-13
OCFT,0.8073946689595872,9.39,0.085586,0.07619916889735802,0.044,2025-04-13
OCS,0.18347742555235344,0.07639999999999997,-0.022071,0.19163178439347234,0.044,2025-04-13
OCUL,-6.2598548029039405,1.0433299999999999,0.111173,0.06315052152804779,0.044,2025-04-13
OCX,-3.246284501061571,6.116,0.265714,0.08570056553364205,0.044,2025-04-13
ODD,0.23282134195634593,0.11519999999999997,0.167307,0.04540031640448456,0.044,2025-04-13
ODFL,0.0913521554205069,0.12220999999999993,0.103169,0.03796839117397681,0.044,2025-04-13
OEC,-0.312995126559179,0.14578999999999998,-0.048463,0.048534988376133306,0.044,2025-04-13
OESX,-10.249437528123595,0.68333,0.069519,0.06766542812920852,0.044,2025-04-13
OFIX,1.8516483516483515,0.6739999999999999,0.142772,0.04767583062389419,0.044,2025-04-13
OGE,4.828092243186583,1.1515,-0.011735,0.0651922188553427,0.044,2025-04-13
OGN,0.22798375063362525,0.3193299999999999,0.119278,0.10376172039689921,0.044,2025-04-13
OHI,-2.0526315789473686,0.78,-0.015547,0.043086009777824695,0.044,2025-04-13
OIS,0.317339574800078,0.06508,0.175439,0.061359744897387124,0.044,2025-04-13
OKE,-0.527050106413726,1.2035399999999998,0.030018,0.07914209972236183,0.044,2025-04-13
OKLO,-3.5312499999999996,0.22599999999999998,0.052482,0.05694784465969524,0.044,2025-04-13
OKTA,0.6720020991865652,0.20487999999999998,-0.33698,0.08104117419520823,0.044,2025-04-13
OLLI,-0.27694957786615054,0.13022999999999996,-0.204741,0.07976075048261999,0.044,2025-04-13
OLMA,-1.8301352804664064,0.32333,-0.165494,0.06556129945256865,0.044,2025-04-13
OLN,0.5195506471657667,0.7658800000000001,0.048888,0.02704559990484135,0.044,2025-04-13
OLO,0.11111111111111122,0.0050000000000000044,0.040685,0.7960035163020014,0.044,2025-04-13
OLPX,0.4285714285714285,0.015,0.253623,0.06369871819616356,0.044,2025-04-13
OMAB,0.22991249005568828,0.28900000000000015,0.0013,0.07404086804372033,0.044,2025-04-13
OMCL,2.5252643948296125,0.36533000000000004,0.330024,0.07172707511996623,0.044,2025-04-13
OMER,4.625751680226387,2.6153999999999997,-0.099237,0.08001491158677905,0.044,2025-04-13
ONL,-4.874999999999999,0.7799999999999999,-0.006363,0.11021095204315051,0.044,2025-04-13
ONON,1.317741255794353,0.18762,0.182796,0.060313310853569335,0.044,2025-04-13
ONTF,0.42388016707475157,0.029430000000000005,-0.027746,0.7178092124197446,0.044,2025-04-13
OOMA,0.10758325334120948,0.01457,0.249431,0.07174787498738501,0.044,2025-04-13
OPAD,0.9826086956521739,15.255,-0.057915,0.0639305271340185,0.044,2025-04-13
OPB,0.4193893947509374,0.15660000000000002,0.034011,0.022171046628403763,0.044,2025-04-13
OPGN,0.2654320987654321,43.0,-0.081633,0.3707907540290665,0.044,2025-04-13
OPRA,5.085106382978723,1.1949999999999998,0.157635,0.04118090150248403,0.044,2025-04-13
ORCL,0.026807308152510593,0.03159000000000001,0.016375,0.6518989456259615,0.044,2025-04-13
ORGO,3.6801872074882995,0.30667,0.214088,0.054659990128527444,0.044,2025-04-13
ORGS,-5.3,5.3,-0.177364,0.1077417902853364,0.044,2025-04-13
ORIC,-15.893939393939393,4.196,-0.042508,0.10374039556690624,0.044,2025-04-13
ORLY,0.6507558601833037,2.79894,0.054304,0.020763235057443704,0.044,2025-04-13
ORMP,25.0,0.25,-0.004255,0.4911343751946964,0.044,2025-04-13
OSBC,1.047556142668428,0.1586,0.094994,0.03599077103671604,0.044,2025-04-13
OSCR,-0.547212741751991,0.36075,-0.245157,0.06449620918811391,0.044,2025-04-13
OSIS,0.26629422718808193,0.46475,0.044292,0.031714664996569164,0.044,2025-04-13
OSS,-4.0,0.24,0.121849,0.06633657157064128,0.044,2025-04-13
OTEX,0.5525308379413015,0.2598,0.132659,0.075343276106717,0.044,2025-04-13
OTIS,0.30434782608695643,0.13999999999999996,0.072449,0.027193925330388613,0.044,2025-04-13
OTTR,0.3497688751926039,0.5674999999999999,0.102924,0.043558657685439046,0.044,2025-04-13
OUST,-2.6076063531846616,2.74667,-0.081871,0.046103985428358765,0.044,2025-04-13
OVID,0.507594582193699,0.8518299999999999,0.008646,0.12768115789930412,0.044,2025-04-13
OWL,0.08991825613079023,0.011550000000000005,0.122807,0.05104881359743746,0.044,2025-04-13
OWLT,-1.0138888888888886,2.0439999999999996,0.133621,0.04246562764830532,0.044,2025-04-13
OXM,-3.097610946474957,0.84667,-0.035577,0.31738681210151815,0.044,2025-04-13
OXY,-0.16983496970963027,0.12195,0.221778,0.10829294796274101,0.044,2025-04-13
PACB,-1.7512681626687303,0.40738,0.091503,0.08221899816448865,0.044,2025-04-13
PACS,0.5949888350781545,0.20517000000000002,0.187944,0.04547534895673169,0.044,2025-04-13
PAGS,-0.028940194908685622,0.03323000000000009,-0.237791,0.055409166085825426,0.044,2025-04-13
PAPL,-0.1999999999999999,0.01999999999999999,0.292857,0.06363879765746895,0.044,2025-04-13
PARR,-0.25,0.066,-0.088595,0.04309163010875385,0.044,2025-04-13
PASG,-1.2387892627666957,0.55333,0.074564,0.06250216667953848,0.044,2025-04-13
PATK,0.760712927298344,1.42,0.050416,0.03692480669058342,0.044,2025-04-13
PAVM,-0.7272727272727274,1.2000000000000002,0.136126,0.05768180709630561,0.044,2025-04-13
PAYX,0.01318805434674276,0.007939999999999947,0.027537,0.4784686186990298,0.044,2025-04-13
PBI,0.3541666666666667,0.034,0.810093,0.15104216462884,0.044,2025-04-13
PBPB,-0.35972201238857826,0.16666999999999998,0.242902,0.05856882556324267,0.044,2025-04-13
PBYI,-1.8876696505919723,0.58833,-0.372457,0.08825962111215457,0.044,2025-04-13
PCAR,0.21492467467017046,0.47764000000000006,0.040375,0.03023356024009943,0.044,2025-04-13
PCG,-0.1294992175273865,0.13239999999999996,0.084813,0.04586965418818506,0.044,2025-04-13
PCH,0.16640927901909636,0.3566699999999998,0.032889,0.017641780594579787,0.044,2025-04-13
PCRX,-0.40119760479041916,0.3417,-0.019033,0.07274668834454923,0.044,2025-04-13
PCVX,-0.6977611940298507,0.748,-0.073288,0.0376415752212438,0.044,2025-04-13
PDCO,1.7862372837426292,0.27566999999999997,-0.022222,0.47952472454539846,0.044,2025-04-13
PDD,1.0575968222442897,10.649999999999999,0.003967,0.11241258132678703,0.044,2025-04-13
PDEX,1.5862068965517244,0.46,0.190845,0.04185595591094795,0.044,2025-04-13
PDFS,25.0,0.0625,0.260887,0.07098464741816908,0.044,2025-04-13
PDLB,-31.0,0.62,0.031385,0.0358938132258166,0.044,2025-04-13
PEB,-11.363636363636363,0.625,-0.100924,0.03443824852428541,0.044,2025-04-13
PEBO,-1.071855857150556,0.59667,0.072359,0.06239561742538827,0.044,2025-04-13
PECO,-0.3493819128171764,0.04833000000000001,0.017766,0.10287818638388609,0.044,2025-04-13
PEG,0.18736218117539927,0.20987,0.011241,0.07255804725604528,0.044,2025-04-13
PEGA,0.7717717717717718,0.771,0.356734,0.11836240441599931,0.044,2025-04-13
PENN,-49.06229471061276,4.33171,0.153919,0.036809199451477564,0.044,2025-04-13
PEP,0.11577886069568141,0.17225000000000001,0.033096,0.055036306636432025,0.044,2025-04-13
PEPG,-3.1084598698481565,14.330000000000002,0.12703,0.05125555386196407,0.044,2025-04-13
PESI,-4.699999999999999,0.47,-0.069482,0.07881107110391755,0.044,2025-04-13
PETS,3.0,0.165,0.35782,0.07801246832740372,0.044,2025-04-13
PETV,0.0,0.0,-0.229268,0.07851257259044,0.044,2025-04-13
PFE,0.7139068992837164,0.4415300000000001,-0.01386,0.041600529020947054,0.044,2025-04-13
PFIS,0.5255813953488372,0.565,0.130372,0.06050128039629939,0.044,2025-04-13
PFLT,-0.2409146977891641,0.07617000000000002,-0.003607,0.09822748494863398,0.044,2025-04-13
PFS,-1.310734463276836,0.46399999999999997,-0.041532,0.03662027971486752,0.044,2025-04-13
PG,0.14936044789801006,0.2118199999999999,0.007502,0.03224344606030473,0.044,2025-04-13
PGC,-0.8708487084870848,0.47200000000000003,0.071895,0.0722443527078158,0.044,2025-04-13
PGNY,1.0,0.045,0.382264,0.08282593799992813,0.044,2025-04-13
PGRE,-22.749999999999996,0.9099999999999999,0.075556,0.03658096235275709,0.044,2025-04-13
PGY,-103.0,1.03,-0.167018,0.040798891024253534,0.044,2025-04-13
PH,0.6928898625771758,1.0436999999999999,0.023999,0.053420670733438175,0.044,2025-04-13
PHAT,-2.176,2.72,0.183188,0.117181635686214,0.044,2025-04-13
PHIN,0.37647058823529406,0.31999999999999995,0.0994,0.039997348996932885,0.044,2025-04-13
PHM,0.23843022997956415,0.6988699999999999,0.094249,0.032669155502138066,0.044,2025-04-13
PHVS,0.6017522899243329,0.37775000000000003,3.565737,0.6510790340355418,0.044,2025-04-13
PINE,3.285714285714286,0.805,0.037616,0.019112326264672047,0.044,2025-04-13
PJT,0.6046099290780144,0.6820000000000002,0.070735,0.030684839387559035,0.044,2025-04-13
PKG,0.3344292414059856,0.6917,0.075637,0.03175272068857379,0.044,2025-04-13
PKOH,2.364485981308411,1.2650000000000001,0.271805,0.06018054978396376,0.044,2025-04-13
PKST,-22.18,11.09,-0.093133,0.02917812836323494,0.044,2025-04-13
PKX,-0.8916666666666666,1.0699999999999998,-0.062487,0.021196059101179488,0.044,2025-04-13
PLAB,0.3559322033898304,0.18899999999999995,0.21313,0.04041880258658243,0.044,2025-04-13
PLCE,-3.4457831325301207,5.72,0.144304,0.06859905899203612,0.044,2025-04-13
PLMR,-0.43628022704299824,0.22444000000000003,-0.245343,0.05675462160163689,0.044,2025-04-13
PLNT,-0.5360436119004813,0.18486,-0.104819,0.057827688889096084,0.044,2025-04-13
PLOW,0.690346749508886,0.4533300000000001,0.162817,0.03850122910718734,0.044,2025-04-13
PLTK,-0.19801106744726915,0.04937999999999998,-0.230352,0.0567310364204065,0.044,2025-04-13
PLTR,0.06157112526539285,0.004640000000000005,0.308014,0.06206370631785525,0.044,2025-04-13
PLUG,-9.76095311299001,1.0159200000000002,-0.135965,0.05084399802945967,0.044,2025-04-13
PLYM,6.0,0.24000000000000002,0.025992,0.06246503164727609,0.044,2025-04-13
PMN,6.999999999999999,0.49,-0.074853,0.031713593393194864,0.044,2025-04-13
PMT,-5.820381440364362,5.111750000000001,0.12154,0.05497246012579084,0.044,2025-04-13
PMVP,0.9428571428571428,0.32999999999999996,0.062069,0.046432984776861204,0.044,2025-04-13
PNFP,-0.6014000822112331,0.96562,0.060254,0.03755567245882146,0.044,2025-04-13
PNNT,-0.09261779765376885,0.014289999999999997,0.179272,0.06612292428225512,0.044,2025-04-13
PNST,3.64,0.455,0.157895,0.0438608900568107,0.044,2025-04-13
PNTG,1.6666666666666667,0.15,0.406657,0.07819024748389036,0.044,2025-04-13
PODC,-6.5,0.13,-0.048387,0.05210548952658946,0.044,2025-04-13
PODD,1.1298930489418997,0.74269,-0.083492,0.04999303884020218,0.044,2025-04-13
POLA,-3.846153846153846,3.5,0.377399,0.08422541471407273,0.044,2025-04-13
POOL,1.1084179895101847,1.27222,0.064278,0.024717103512213404,0.044,2025-04-13
POWI,0.148036253776435,0.04899999999999999,0.016263,0.22760918339726308,0.044,2025-04-13
POWL,0.7546296296296295,1.63,0.378086,0.08441323026280931,0.044,2025-04-13
PPG,0.20140845970488805,0.31516999999999995,0.08729,0.023133680996487826,0.044,2025-04-13
PPL,-0.560322221000895,0.35683,-0.025222,0.03927014641994403,0.044,2025-04-13
PPTA,-1.2499999999999998,0.09999999999999999,0.23716,0.07755578246259132,0.044,2025-04-13
PRAA,-4.151260504201681,1.976,-0.303577,0.06874867277635364,0.044,2025-04-13
PRAX,-15.575342465753426,170.55,0.10737,0.04488085400149519,0.044,2025-04-13
PRFX,0.6862745098039216,84.0,-0.094737,0.03252356900622159,0.044,2025-04-13
PRGO,0.27191679049034173,0.22875,-0.089727,0.04798997796805929,0.044,2025-04-13
PRGS,0.4344760515438852,0.35739999999999994,0.149102,0.07043830935660925,0.044,2025-04-13
PRLB,0.4623522090852519,0.14859999999999995,0.386861,0.08097866932231891,0.044,2025-04-13
PRLD,0.22724228530214827,0.13233,0.29956,0.06345410280666357,0.044,2025-04-13
PROK,-0.14068441064638781,0.022199999999999998,0.454545,0.08947879391102156,0.044,2025-04-13
PRPL,-7.842105263157895,0.298,-0.192795,0.07644013150866545,0.044,2025-04-13
PRQR,0.08014257790042548,0.013940000000000008,-0.296089,0.06631415628973518,0.044,2025-04-13
PRTA,2.158231513390865,2.27333,0.044207,0.0779612895682872,0.044,2025-04-13
PRTH,-2.9230769230769234,0.076,0.028249,0.21705181701376194,0.044,2025-04-13
PRU,0.4877828054298643,1.3475000000000001,0.024786,0.038961478219453505,0.044,2025-04-13
PRVA,-3.4040737682356177,0.12367,0.160714,0.05370263422491992,0.044,2025-04-13
PSBD,-0.6852438376645091,0.3483299999999999,-0.001228,0.11363177727668576,0.044,2025-04-13
PSEC,0.35714285714285704,0.04999999999999999,0.005025,0.22765605045916923,0.044,2025-04-13
PSFE,-217.00000000000003,19.53,0.185,0.08315334566132258,0.044,2025-04-13
PSMT,0.42045454545454547,0.37,0.116815,0.031446132906429676,0.044,2025-04-13
PSN,0.1254019292604501,0.07799999999999996,-0.011209,0.39148245992863395,0.044,2025-04-13
PSNL,0.3606609781887033,0.14666999999999997,0.054422,0.39285637630825126,0.044,2025-04-13
PSNY,0.9142881631953373,0.10667,-0.124685,0.04480032836912455,0.044,2025-04-13
PSQH,0.5638297872340426,0.265,0.022495,0.09470493803850981,0.044,2025-04-13
PSTG,4.799118533982834,0.20689,0.181591,0.07191268915237825,0.044,2025-04-13
PTCT,-1.1370783086551672,1.41531,-0.029559,0.06436727929909436,0.044,2025-04-13
PTEN,0.05431254970232341,0.025270000000000015,0.256522,0.08562572005683654,0.044,2025-04-13
PTLO,-0.3866666666666667,0.14500000000000002,0.036632,0.13831765071775734,0.044,2025-04-13
PTPI,-1.0630630630630629,1.18,-0.235714,0.07982251940027119,0.044,2025-04-13
PTVE,-18.69125683060109,2.7363999999999997,0.053585,0.03993750755898795,0.044,2025-04-13
PUBM,-0.9819819819819819,0.0545,-0.337284,0.07225657684980293,0.044,2025-04-13
PVBC,-8.76173285198556,2.427,0.112183,0.03520576606965983,0.044,2025-04-13
PVH,1.0535994062834997,2.5553999999999997,0.032264,0.06379587941343394,0.044,2025-04-13
PXLW,0.07075534315677669,0.0053299999999999875,-0.352941,0.07493079232627567,0.044,2025-04-13
PXMD,-0.6477272727272727,0.57,-0.10428,0.08842433910708025,0.044,2025-04-13
PXS,-7.500000000000001,0.6000000000000001,0.090567,0.08640023361825185,0.044,2025-04-13
PYCR,0.05495830402893603,0.010940000000000005,-0.156571,0.10227155915210258,0.044,2025-04-13
PYPD,0.5751633986928104,5.279999999999999,-0.117311,0.08837019249378934,0.044,2025-04-13
PZZA,0.5934279947593925,0.33518000000000003,0.073298,0.04408536457327727,0.044,2025-04-13
QADA,1.8547926646344413,0.38332999999999995,0.073024,0.05037918369483179,0.044,2025-04-13
QCOM,0.12794426628331307,0.28925,0.127311,0.058201592706898474,0.044,2025-04-13
QD,7.307692307692308,1.9000000000000001,-0.05,0.07269804887991979,0.044,2025-04-13
QDEL,0.5209988649262203,1.8360000000000003,-0.110475,0.03924992559859908,0.044,2025-04-13
QFIN,0.727450980392157,3.710000000000001,0.202707,0.08660300253514548,0.044,2025-04-13
QH,3.216216216216216,11.899999999999999,0.111402,0.04343417598801147,0.044,2025-04-13
QIPT,4.181347150259067,0.15333,0.119403,0.04942725858764366,0.044,2025-04-13
QLYS,0.1731528482797519,0.23025000000000007,0.241753,0.12291895258776976,0.044,2025-04-13
QNST,-0.25000000000000006,0.020000000000000004,-0.268465,0.08109071429364874,0.044,2025-04-13
QRHC,-11.003000750187546,0.14667,-0.127129,0.2085703353598061,0.044,2025-04-13
QRVO,0.34670648560320066,0.6153000000000002,0.033341,0.03974480569865638,0.044,2025-04-13
QS,-0.17924528301886797,0.038000000000000006,0.322905,0.13254537789531762,0.044,2025-04-13
QSG,0.9920318725099602,0.04482,-0.261062,0.09131247418635134,0.044,2025-04-13
QSI,0.10000000000000009,0.020000000000000018,-0.321534,0.06351457484838449,0.044,2025-04-13
QTWO,0.2519325076884715,0.030310000000000004,0.029383,0.4273941798934401,0.044,2025-04-13
QURE,1.8776735142446528,5.55275,-0.01812,0.0809146395530862,0.044,2025-04-13
RANI,0.46320346320346323,0.2675,0.375456,0.07896668725453354,0.044,2025-04-13
RBA,6.741810615957808,1.3933300000000002,0.119827,0.06777535654401204,0.044,2025-04-13
RBLX,-4.484848484848485,0.5920000000000001,0.213281,0.07123407349096517,0.044,2025-04-13
RBRK,0.47418498672943066,0.18938000000000002,0.204435,0.057020920743105934,0.044,2025-04-13
RCKY,-0.7513711151736745,1.0274999999999999,-0.21965,0.048508988856553255,0.044,2025-04-13
RCL,-0.2715652698809126,1.30917,0.1,0.06711519429601404,0.044,2025-04-13
RCMT,1.296296296296296,0.35,0.445671,0.0881729685366079,0.044,2025-04-13
RCUS,5.988235294117647,4.45375,0.185938,0.058533083168175605,0.044,2025-04-13
RDCM,0.6129032258064516,0.095,0.102083,0.02871042320629957,0.044,2025-04-13
RDDT,3.1959923140269013,0.23286,0.419746,0.10253183576844221,0.044,2025-04-13
RDFN,0.2097694548328111,0.22829,0.213394,0.07627862039497736,0.044,2025-04-13
RDHL,-4.084745762711864,482.0,0.175786,0.04977583076892769,0.044,2025-04-13
RDVT,-0.026548672566371705,0.006000000000000005,0.072964,0.05407407850059206,0.044,2025-04-13
RDW,-8.384615384615383,1.0899999999999999,0.125364,0.05195102192161523,0.044,2025-04-13
RDWR,0.24223602484472054,0.03900000000000001,0.224865,0.04878137471741097,0.044,2025-04-13
RDY,0.47927333941221856,5.4664,0.008736,0.09547930499376768,0.044,2025-04-13
RDZN,-0.33333333333333326,0.10999999999999999,0.820988,0.1727262017239363,0.044,2025-04-13
REAX,-1.0770828525271174,0.046669999999999996,0.222488,0.05402912151160536,0.044,2025-04-13
REFI,0.7404580152671754,0.24249999999999994,0.002278,0.15704361988383184,0.044,2025-04-13
REG,1.6202898550724634,0.6987499999999999,-0.046464,0.0486977237947741,0.044,2025-04-13
REGN,0.47202384450407336,8.273109999999999,-0.00948,0.08894157380838717,0.044,2025-04-13
RELL,0.8750000000000001,0.21000000000000002,0.246415,0.08568236582060654,0.044,2025-04-13
REPL,0.08888888888888896,0.040000000000000036,-0.15891,0.309912498153551,0.044,2025-04-13
RERE,2.5789473684210527,0.49,0.117647,0.09382953711752319,0.044,2025-04-13
RES,1.1066743273005841,0.11557,0.18541,0.03571778110721784,0.044,2025-04-13
REVG,0.43513462624741106,0.06933,-0.123905,0.3138429171239842,0.044,2025-04-13
REXR,0.3636363636363636,0.07999999999999999,-0.015997,0.21282276140463754,0.044,2025-04-13
RFIL,48.0,0.48,0.069293,0.03919291686775069,0.044,2025-04-13
RGA,-1.417170904772285,3.7707800000000002,-0.075928,0.04570826517497573,0.044,2025-04-13
RGCO,6.0,0.12000000000000001,0.106051,0.07241046344037848,0.044,2025-04-13
RGEN,0.5083532219570405,0.26625,0.098879,0.02458511476775753,0.044,2025-04-13
RGLS,0.8072289156626506,1.6750000000000003,0.039235,0.0758449906064544,0.044,2025-04-13
RGNX,0.41563394719918845,1.9583300000000001,0.100945,0.043695706041176695,0.044,2025-04-13
RIG,1.0,0.27968,0.112108,0.04897800911045906,0.044,2025-04-13
RIGL,44.52038071591145,2.15167,0.145963,0.04304313109503677,0.044,2025-04-13
RIVN,-0.3910523455895671,2.159,0.036979,0.24314679664123093,0.044,2025-04-13
RKDA,3.1463414634146347,51.6,0.182404,0.05864952628024101,0.044,2025-04-13
RKLB,0.1045043431539357,0.01167,0.284447,0.06991798147859395,0.044,2025-04-13
RKT,0.3063357282821685,0.26732999999999996,0.711934,0.1370152719093461,0.044,2025-04-13
RLAY,-8.147169811320754,5.3975,-0.048768,0.08392043318579821,0.044,2025-04-13
RLGT,0.8333333333333335,0.15000000000000002,-0.061688,0.09640704433946427,0.044,2025-04-13
RLMD,-0.528180525719153,0.8433299999999999,-0.110678,0.03316201244848523,0.044,2025-04-13
RLX,-0.08888888888888882,0.015999999999999986,0.043478,0.332758116492306,0.044,2025-04-13
RLYB,0.5819209039548022,0.515,-0.142857,0.14095522118217632,0.044,2025-04-13
RMAX,-0.028473208280397566,0.011429999999999996,0.07338,0.17425416577233574,0.044,2025-04-13
RMBL,-14.21438450899032,7.29667,-0.295775,0.06114375081054897,0.044,2025-04-13
RMBS,0.3913043478260869,0.09,0.138933,0.2282038057475877,0.044,2025-04-13
RMNI,9.999999999999998,0.7,0.262693,0.05857376259617067,0.044,2025-04-13
RMR,0.46082337317397093,0.20820000000000005,-0.01934,0.051975412519524186,0.044,2025-04-13
RMTI,0.9090909090909092,0.9,-0.12752,0.08162235368174149,0.044,2025-04-13
RNAZ,0.175,1848.0,-0.142353,0.06560992982115553,0.044,2025-04-13
RNGR,-9.18181818181818,0.63125,-0.041451,0.08312753154068352,0.044,2025-04-13
RNXT,-0.28571428571428586,0.060000000000000026,0.508318,0.09937140078065401,0.044,2025-04-13
ROG,0.45484463262664676,0.45333,0.177122,0.04867010580984978,0.044,2025-04-13
ROIV,1.4615384615384615,0.38,0.066863,0.04615715733786505,0.044,2025-04-13
ROK,-0.22672205964853753,0.5981199999999998,-0.175575,0.09648994280216011,0.044,2025-04-13
ROKU,0.3973419608589463,0.50108,0.314122,0.058263112956170815,0.044,2025-04-13
ROL,-0.06633906633906626,0.013499999999999984,-0.10806,0.02900314636011691,0.044,2025-04-13
ROST,-29.237585199610514,0.90081,0.019979,0.12322286989868798,0.044,2025-04-13
RPID,-49.025000000000006,19.610000000000003,0.139582,0.03237904913531339,0.044,2025-04-13
RPRX,-0.7543352601156068,0.5219999999999999,0.05,0.034524893818344934,0.044,2025-04-13
RPTX,2.9256756756756754,2.598,0.091781,0.07565987219078944,0.044,2025-04-13
RRBI,0.37500000000000006,0.27,0.050439,0.03348870771421139,0.044,2025-04-13
RRGB,-5.062426609137333,5.56143,-0.119917,0.21456138680418382,0.044,2025-04-13
RSG,0.07459146996702108,0.1006499999999999,-0.029734,0.3916801294066134,0.044,2025-04-13
RSKD,0.7873471557682084,0.29619999999999996,-0.270362,0.07037798418477755,0.044,2025-04-13
RUM,0.3636363636363636,0.07999999999999999,0.154155,0.06177798447131261,0.044,2025-04-13
RUN,-23.138946128937295,4.71618,0.101159,0.07932029497418529,0.044,2025-04-13
RVLV,7.392782207301721,0.17617000000000002,0.220513,0.187130931194967,0.044,2025-04-13
RVMD,-14.902439024390244,6.109999999999999,-0.006673,0.3678379835636912,0.044,2025-04-13
RVPH,-0.9927536231884058,0.274,0.009685,0.3536737457485816,0.044,2025-04-13
RVSB,0.13333333333333347,0.020000000000000018,-0.037773,0.4267526105129685,0.044,2025-04-13
RXO,-0.024390243902439046,0.0020000000000000018,0.001008,0.19296669346708337,0.044,2025-04-13
RXRX,-4.3,0.43000000000000005,-0.114236,0.06676152550566704,0.044,2025-04-13
RXST,0.2508361204013378,0.1875,0.12959,0.05533529170784057,0.044,2025-04-13
RXT,0.1481056257175661,0.012900000000000009,0.357798,0.08265317070189153,0.044,2025-04-13
RYI,0.8571428571428571,1.5,0.065709,0.032732669935808485,0.044,2025-04-13
RYTM,-4.922231614539307,1.4557499999999999,-0.072785,0.053015386832136704,0.044,2025-04-13
SAMG,-0.8055555555555556,0.29,-0.04041,0.07514303371868158,0.044,2025-04-13
SAN,-0.41260234959060155,0.23179999999999995,0.043814,0.0325041286348242,0.044,2025-04-13
SANA,-6.2682926829268295,2.57,0.078339,0.08745835289367636,0.044,2025-04-13
SAND,3.2105263157894743,0.15250000000000002,-0.051613,0.0762903712913459,0.044,2025-04-13
SANM,1.4478410611106367,0.50867,0.153638,0.05663014501965547,0.044,2025-04-13
SASR,0.5452322738386309,0.5575000000000001,0.046687,0.02611703658633274,0.044,2025-04-13
SATL,0.4449968781074394,0.38486,-0.103093,0.03603082428520249,0.044,2025-04-13
SATS,21.240963855421686,0.8815,0.113762,0.04213675936108726,0.044,2025-04-13
SBAC,0.726682260347545,0.72387,0.029725,0.03117097409902003,0.044,2025-04-13
SBCF,-0.9748471967200745,0.38756999999999997,0.135342,0.042177226587873644,0.044,2025-04-13
SBFM,-0.6666666666666666,40.0,0.760331,0.17809359431228175,0.044,2025-04-13
SBGI,4.554853985793212,14.4275,0.063797,0.07150332942838207,0.044,2025-04-13
SBRA,-4.860759493670886,0.768,-0.011686,0.05532179375313595,0.044,2025-04-13
SBSI,0.5182481751824817,0.355,0.058207,0.02072287817237863,0.044,2025-04-13
SBT,-3.666666666666667,0.77,0.294118,0.09685364359939279,0.044,2025-04-13
SBUX,-0.14398650519902306,0.11437999999999993,-0.158775,0.07149013893774213,0.044,2025-04-13
SCKT,1.0,0.03,0.439655,0.08093933810374611,0.044,2025-04-13
SCL,-0.5460385438972163,0.6375,0.014565,0.058870842383388106,0.044,2025-04-13
SCLX,-1.3999999999999997,0.13999999999999999,0.344445,0.07469481650977976,0.044,2025-04-13
SCOR,-5.206907253288368,10.06667,0.176471,0.09938000168301596,0.044,2025-04-13
SCPH,-1.5295109612141653,0.4535,0.066339,0.11852016023582705,0.044,2025-04-13
SCPS,-1.7500000000000002,0.14,0.719799,0.13360806700716,0.044,2025-04-13
SCS,-0.3170410477793223,0.04332999999999998,-0.013093,0.47824286046731035,0.044,2025-04-13
SCSC,0.058819636692512146,0.05332999999999999,0.007252,0.7178171972211853,0.044,2025-04-13
SCVL,1.1571428571428573,0.81,-0.064516,0.03875460749247183,0.044,2025-04-13
SCYX,-3.3490581147510685,2.71833,-0.054388,0.06924884350202495,0.044,2025-04-13
SDGR,1.128243491642799,0.52786,-0.239053,0.07527634825138736,0.044,2025-04-13
SDHC,0.2241014799154334,0.10599999999999998,0.062902,0.0769186403488353,0.044,2025-04-13
SDIG,-34.588235294117645,58.8,0.115558,0.07010814861387021,0.044,2025-04-13
SDRL,-0.06169965075669376,0.13249999999999984,1.285279,0.25356635588999843,0.044,2025-04-13
SEAC,0.5,0.6,1.288147,0.2407606289685535,0.044,2025-04-13
SEDG,-8.406466101746915,13.70027,-0.011438,0.6256574803674185,0.044,2025-04-13
SEE,0.3846492746325959,0.24446,0.031585,0.12613269201088376,0.044,2025-04-13
SEIC,-0.33333333333333337,0.22500000000000003,0.066221,0.027789722648894035,0.044,2025-04-13
SEMR,1.5305778152678198,0.03629,-0.058168,0.3163592234362791,0.044,2025-04-13
SENS,0.0,0.0,0.102882,0.7982829526343307,0.044,2025-04-13
SES,0.6,0.060000000000000005,0.14486,0.06076708594793118,0.044,2025-04-13
SEZL,1.943820224719101,1.73,0.722681,0.2066258314394985,0.044,2025-04-13
SFBS,0.10112359550561795,0.08999999999999997,0.199835,0.04821922465354931,0.044,2025-04-13
SFIX,1.440226961455684,0.29444000000000004,0.392409,0.07943550043209036,0.044,2025-04-13
SFNC,0.5813953488372094,0.25000000000000006,0.071172,0.060259099627893394,0.044,2025-04-13
SGC,3.166666666666667,0.76,0.233951,0.08474674627453707,0.044,2025-04-13
SGMT,-70.95979899497486,35.302499999999995,-0.124224,0.053207312680410616,0.044,2025-04-13
SGRY,-0.9662555843104372,0.6683300000000001,0.206875,0.04536686447552119,0.044,2025-04-13
SHAK,1.4540295119182747,0.1281,-0.152812,0.057622068602439624,0.044,2025-04-13
SHIM,-4.614035087719299,1.3150000000000002,0.119403,0.3262071236177035,0.044,2025-04-13
SHLS,0.26310471138057345,0.02083,0.219404,0.12858910324572762,0.044,2025-04-13
SHO,-0.3155479410145017,0.10314000000000001,0.238693,0.09492225412831308,0.044,2025-04-13
SHOO,0.8067556952081698,0.41080000000000005,0.03775,0.03248652532266862,0.044,2025-04-13
SHW,0.22096950174053093,0.5954199999999998,0.029625,0.01866864433450649,0.044,2025-04-13
SIBN,0.13388820820482497,0.06338000000000005,-0.243292,0.11752415067842535,0.044,2025-04-13
SIDU,-0.9166666666666666,11.0,0.080925,0.057442518375620484,0.044,2025-04-13
SIFY,0.30000000000000004,0.018000000000000002,0.222222,0.04771126345415754,0.044,2025-04-13
SILO,-0.7999999999999998,0.15999999999999998,0.005525,0.12339394000051376,0.044,2025-04-13
SIMO,-0.5651371794533906,0.42885999999999996,-0.041803,0.0670022020589913,0.044,2025-04-13
SITM,1.029381920854105,0.23333,0.312057,0.05972257372510577,0.044,2025-04-13
SJI,0.058819233999050556,0.032219999999999915,0.398637,0.07936777549912466,0.044,2025-04-13
SJM,0.4158298136720175,0.6960700000000002,0.068679,0.053292533531336124,0.044,2025-04-13
SJW,-0.4227818875032278,0.27832999999999997,0.013402,0.02706142535422785,0.044,2025-04-13
SKLZ,-1.7679745346342814,4.34333,0.237402,0.06600664494170863,0.044,2025-04-13
SKT,3.9473684210526314,0.1875,0.180791,0.09837065040395226,0.044,2025-04-13
SKWD,0.7892042170167085,0.28671,0.102166,0.05560834338688999,0.044,2025-04-13
SKX,0.8215613382899627,0.44199999999999995,0.097828,0.03731472204125241,0.044,2025-04-13
SKY,0.3820292153267589,0.6938299999999997,-0.162196,0.04572782602638149,0.044,2025-04-13
SKYH,-8.75,0.7000000000000001,0.116822,0.050829624665113114,0.044,2025-04-13
SKYT,1.1886792452830188,0.126,0.475524,0.08802638917533157,0.044,2025-04-13
SKYW,-19.037357785702156,3.36333,-0.073265,0.027398989958417563,0.044,2025-04-13
SKYX,-1.2857142857142856,0.045,0.318182,0.0792729175294274,0.044,2025-04-13
SLAB,0.3397422785845777,0.33220000000000005,0.140781,0.043817745445548936,0.044,2025-04-13
SLB,0.046007737136595346,0.027710000000000012,-0.008003,0.19473220876793004,0.044,2025-04-13
SLDB,0.41358024691358025,2.0100000000000002,-0.213964,0.0669969811327096,0.044,2025-04-13
SLG,50.28434717483565,6.04267,-0.038183,0.01849794032166381,0.044,2025-04-13
SLGL,1.35,0.27,0.336303,0.08307046259987444,0.044,2025-04-13
SLGN,0.31517870957759553,0.2037,0.077882,0.0246447612194649,0.044,2025-04-13
SLM,-1.7085041973506239,0.7957700000000001,-0.168072,0.04181845155743997,0.044,2025-04-13
SLQT,-2.431297709923664,1.42688,-0.473201,0.09504889759710149,0.044,2025-04-13
SLRC,-0.12136971337655242,0.05110999999999999,0.031485,0.07371587259783981,0.044,2025-04-13
SLRN,0.8063034903009457,8.783330000000001,0.0625,0.0647715361121398,0.044,2025-04-13
SLVM,0.38095238095238093,0.31999999999999995,0.240773,0.04623247947757754,0.044,2025-04-13
SLXN,-inf,2.03,0.472591,0.09941744630844598,0.044,2025-04-13
SMAR,0.43278502552467385,0.08392999999999999,-0.229858,0.08777380756621707,0.044,2025-04-13
SMBC,-0.8123534010946052,1.039,-0.111364,0.030633809894074538,0.044,2025-04-13
SMFL,-18.0,567.0,-0.006,0.1830608939288597,0.044,2025-04-13
SMLR,0.9459459459459459,0.35,0.308735,0.07643920910310943,0.044,2025-04-13
SMP,0.8956775542750538,0.59533,0.01942,0.05278600148075789,0.044,2025-04-13
SMPL,0.6839378238341969,0.1056,0.013455,0.47820766593290714,0.044,2025-04-13
SMR,-0.923076923076923,0.12,-0.348515,0.08108672675602058,0.044,2025-04-13
SMTC,0.13662195953625828,0.04808000000000001,-0.229077,0.13617123330026829,0.044,2025-04-13
SMWB,0.32203389830508483,0.08550000000000002,-0.268072,0.08454358580076148,0.044,2025-04-13
SNA,0.5170365985079388,1.1178899999999996,0.091325,0.03540378278288905,0.044,2025-04-13
SNAL,-0.8571428571428571,0.060000000000000005,-0.222773,0.09105388484989038,0.044,2025-04-13
SNCR,1.142857142857143,4.32,-0.097889,0.08251831445155981,0.044,2025-04-13
SNCY,0.6762589928057554,0.18800000000000003,0.100754,0.04173151211151367,0.044,2025-04-13
SNDR,-0.4523048836147878,0.16847000000000004,-0.126183,0.05503285482574091,0.044,2025-04-13
SNDX,5.503071893076564,1.53167,0.08,0.0564636809615706,0.044,2025-04-13
SNES,0.9825958702064896,79944.0,-0.072917,0.0693255789968407,0.044,2025-04-13
SNPS,0.29360335444731905,0.39491999999999994,0.085461,0.04200223404853482,0.044,2025-04-13
SNSE,0.08445945945945946,0.25,0.181301,0.07184097453688455,0.044,2025-04-13
SO,0.27500863907722745,0.23079000000000005,0.035217,0.08501192362306156,0.044,2025-04-13
SOBR,-0.19999999999999993,2.1999999999999993,-0.325467,0.07483740301318083,0.044,2025-04-13
SOFI,-7.727272727272727,0.425,-0.141466,0.043055378503764744,0.044,2025-04-13
SOHU,-52.94990366088632,1.92367,-0.147742,0.044034369072926016,0.044,2025-04-13
SOLV,0.19197707736389683,0.33499999999999996,-0.024085,0.1165918315015158,0.044,2025-04-13
SOND,-0.7763172502608967,3.1466700000000003,0.113861,0.05752924404341733,0.044,2025-04-13
SONM,-1.4727272727272727,20.25,-0.522228,0.09545408505233377,0.044,2025-04-13
SONO,0.046878735172652536,0.056869999999999976,0.164614,0.04115710822169482,0.044,2025-04-13
SOPA,-14.272727272727273,23.55,0.11315,0.06459769498788091,0.044,2025-04-13
SOPH,0.3919292426755113,0.1418,0.374656,0.096264415835341,0.044,2025-04-13
SPCB,0.8666666666666667,26.0,0.032787,0.056921726203460345,0.044,2025-04-13
SPCE,-1.0109689213893969,5.53,-0.112583,0.036931336806048314,0.044,2025-04-13
SPFI,1.7804878048780488,1.095,0.035869,0.03368034963419213,0.044,2025-04-13
SPH,0.7205882352941176,0.49000000000000005,-0.017487,0.08332622769892728,0.044,2025-04-13
SPNS,-0.01595744680851065,0.006000000000000005,-0.262357,0.08152313892679704,0.044,2025-04-13
SPRB,-23.215686274509803,11.84,0.115329,0.04477317468578411,0.044,2025-04-13
SPRO,10.6,1.06,0.048193,0.060828126331169255,0.044,2025-04-13
SPWH,1.5923525599481532,0.46683,-0.151884,0.06641336112764795,0.044,2025-04-13
SQFT,1.7619047619047619,0.185,-0.073892,0.04496785566813031,0.044,2025-04-13
SQM,1.1740316208613528,1.50667,0.094085,0.06353967438565153,0.044,2025-04-13
SQNS,8.76,3.285,0.068182,0.08734443984393213,0.044,2025-04-13
SRAD,2.8596491228070176,0.0815,0.108316,0.14913986546079888,0.044,2025-04-13
SRCE,0.4596057647342242,0.32433,-0.052367,0.04182233527157428,0.044,2025-04-13
SRDX,1.21875,0.39,0.297392,0.06431563005907004,0.044,2025-04-13
SRFM,-6.7714285714285705,8.295,-0.210937,0.043857196497304886,0.044,2025-04-13
SRG,-0.20370370370370364,1.0999999999999996,0.225402,0.07250143342332524,0.044,2025-04-13
SRRK,-31.22222222222222,0.5619999999999999,-0.126018,0.05303239786270154,0.044,2025-04-13
SRTS,-1.9375,0.248,-0.443763,0.08861712134348311,0.044,2025-04-13
SRZN,0.9298245614035088,5.9624999999999995,-0.225189,0.07150235479649275,0.044,2025-04-13
SSTK,0.5555555555555555,0.44999999999999996,0.18566,0.04398115849362257,0.044,2025-04-13
SSYS,59.55855855855855,0.13222,-0.169765,0.052858467784710574,0.044,2025-04-13
STAA,3.5418113812449916,0.13257000000000002,0.204272,0.044354861905051765,0.044,2025-04-13
STBA,0.19623655913978497,0.14600000000000002,0.065211,0.05311440093748667,0.044,2025-04-13
STKL,-10.009009009009008,0.03333,-0.232993,0.0709800045080592,0.044,2025-04-13
STKS,-0.6923076923076923,0.09,0.367816,0.10725909137043063,0.044,2025-04-13
STLD,0.11258059183336089,0.681,-0.058391,0.017923849301276277,0.044,2025-04-13
STNE,-1.4724995224738868,1.46471,-0.04671,0.08395575329494015,0.044,2025-04-13
STNG,0.21733628598544757,0.8587499999999997,-0.012118,0.11840607591571319,0.044,2025-04-13
STOK,-2.822097068080172,1.02222,0.067831,0.06774579879046093,0.044,2025-04-13
STRT,17.23076923076923,2.2399999999999998,0.236774,0.04610729946958766,0.044,2025-04-13
STVN,-0.2771302069214783,0.030670000000000003,-0.215905,0.05804851028215863,0.044,2025-04-13
STWD,1.0912547528517111,0.5740000000000001,0.009458,0.06302034731976328,0.044,2025-04-13
STXS,0.25009373828271464,0.006669999999999999,0.322695,0.07331586619493702,0.044,2025-04-13
SUI,0.9801980198019802,0.99,0.018931,0.026132347964617067,0.044,2025-04-13
SUP,1.7058823529411766,0.5800000000000001,0.601626,0.1120367316224063,0.044,2025-04-13
SUPN,1.4873949579831933,0.4425,0.238017,0.06845559546710743,0.044,2025-04-13
SVCO,1.0,0.06,0.028621,0.16599131836507144,0.044,2025-04-13
SVV,-0.15789473684210525,0.03,-0.118927,0.07216793511023098,0.044,2025-04-13
SWK,0.22074882995319806,0.5659999999999998,0.018378,0.02387639705634186,0.044,2025-04-13
SWX,-0.2668621700879766,0.4186000000000001,0.04311,0.06748745222444887,0.044,2025-04-13
SXI,0.3333333333333333,0.24,0.016562,0.11434059783662512,0.044,2025-04-13
SYF,1.32349916013645,1.7885900000000001,0.028226,0.06560150063489686,0.044,2025-04-13
SYNA,0.4107883817427387,0.5940000000000001,0.205849,0.04911554210321922,0.044,2025-04-13
SYRS,0.5050719367180675,2.3471400000000004,-0.059675,0.03930070413595324,0.044,2025-04-13
SYTA,-3.185185185185185,216720.0,-0.175793,0.037307734972007234,0.044,2025-04-13
SYY,0.38571894359308784,0.09464000000000003,0.167926,0.07545594225753506,0.044,2025-04-13
TACT,1.263157894736842,0.24,0.318945,0.0800261708399565,0.044,2025-04-13
TALO,268.0,2.68,0.223555,0.07064691587952378,0.044,2025-04-13
TARO,-10.801724137931034,12.53,-0.057214,0.029151869897421308,0.044,2025-04-13
TARS,1.7343749999999998,1.1099999999999999,0.04663,0.07966295449529646,0.044,2025-04-13
TASK,0.2027491408934708,0.059,0.372194,0.07733078553513961,0.044,2025-04-13
TBBB,-21.71794871794872,8.47,0.121845,0.03487743099793753,0.044,2025-04-13
TBBK,0.004425156112306057,0.004669999999999952,0.044422,0.3929256413864084,0.044,2025-04-13
TBIO,0.140495867768595,0.16999999999999993,-0.224816,0.06221226952538089,0.044,2025-04-13
TBLA,-0.3196244291912314,0.3366699999999998,-0.046538,0.06253079321297499,0.044,2025-04-13
TBLT,0.625,4875.0,0.2,0.3706401186550381,0.044,2025-04-13
TBNK,-0.12457912457912451,0.03699999999999998,-0.360507,0.0770441236609874,0.044,2025-04-13
TBPH,-0.3023255813953488,0.32499999999999996,-0.082647,0.034603093288477306,0.044,2025-04-13
TBRG,-0.03499415917517399,0.006890000000000007,-0.196558,0.16376322721202172,0.044,2025-04-13
TCBI,-1.385461996490267,1.3658299999999999,0.122792,0.040751594381065154,0.044,2025-04-13
TCBK,0.41723000514216185,0.3326699999999999,0.030358,0.030361531041406355,0.044,2025-04-13
TCBX,0.4736842105263157,0.15749999999999997,0.154846,0.03997558521939964,0.044,2025-04-13
TCMD,32.57142857142857,0.9119999999999999,-0.212193,0.05161034839802267,0.044,2025-04-13
TCRX,-1.6763372115280877,4.81667,-0.212166,0.060120025305324024,0.044,2025-04-13
TDC,1.0802919708029193,0.29599999999999993,0.263406,0.05383081015070965,0.044,2025-04-13
TDOC,-94.04734158776401,23.242859999999997,-0.067958,0.0459815258295511,0.044,2025-04-13
TDS,-3.3037974683544307,0.1305,0.878481,0.1624703853858489,0.044,2025-04-13
TDUP,-0.20370370370370375,0.022000000000000006,-0.62711,0.12082060202661823,0.044,2025-04-13
TDW,-0.6118811881188119,0.7725,-0.125,0.07091915874556003,0.044,2025-04-13
TECH,0.30885260306070145,0.08435999999999999,0.140141,0.03717007587728431,0.044,2025-04-13
TENB,4.033557046979865,0.1202,0.149869,0.0678262392713075,0.044,2025-04-13
TER,0.06411899491242389,0.08255000000000012,-0.224105,0.07788616982078317,0.044,2025-04-13
TERP,-24.71428571428571,0.346,0.263114,0.12776889154210838,0.044,2025-04-13
TFII,0.45272587869738906,0.44875999999999994,0.066127,0.033571143239534244,0.044,2025-04-13
TFSL,-0.1452991452991453,0.0085,0.007619,0.14379449778564715,0.044,2025-04-13
TFX,0.5386087150624211,0.6756199999999999,-0.031337,0.05388110975531641,0.044,2025-04-13
TGEN,-0.6610169491525424,0.195,0.079024,0.05527728303476703,0.044,2025-04-13
TGL,0.5,2.8,0.60404,0.12180671115223476,0.044,2025-04-13
TGLS,0.2067039106145252,0.18500000000000005,0.013952,0.7180000364342192,0.044,2025-04-13
TGS,1.1125,0.08900000000000001,0.124555,0.03419782443952594,0.044,2025-04-13
THFF,0.6545629278828529,0.6606699999999999,0.008794,0.07815920534208308,0.044,2025-04-13
TITN,0.5775862068965519,0.6700000000000002,0.262328,0.05993442774758123,0.044,2025-04-13
TKC,0.09285714285714274,0.012999999999999984,0.099723,0.036450698106682715,0.044,2025-04-13
TKNO,-1.7118644067796616,0.5050000000000001,0.295213,0.06808009827312474,0.044,2025-04-13
TKR,2.0317441445725835,0.68356,0.011448,0.1732343099096196,0.044,2025-04-13
TLF,2.1249999999999996,0.16999999999999998,0.073879,0.14115220739927756,0.044,2025-04-13
TLIS,-25.547770700636946,300.82500000000005,0.127193,0.07027051269324398,0.044,2025-04-13
TLRY,-29.92951326713332,1.8385699999999998,-0.025794,0.21426854275425786,0.044,2025-04-13
TLYS,-0.6388888888888888,0.22999999999999998,0.08125,0.3135015837931652,0.044,2025-04-13
TMDX,-3.8246427908702914,0.61833,0.511819,0.0995199659733838,0.044,2025-04-13
TME,0.215204182563233,0.1523,0.305618,0.07827238529072063,0.044,2025-04-13
TMHC,0.23008561829413682,0.4246000000000001,-0.039092,0.07031054466190806,0.044,2025-04-13
TMO,0.3052832673349963,1.3167599999999995,-0.025731,0.025218839025688007,0.044,2025-04-13
TNET,0.8723482752259728,0.9457999999999998,0.115696,0.04097946671409164,0.044,2025-04-13
TNGX,0.31547619047619047,0.10600000000000001,1.039165,0.19355769143536586,0.044,2025-04-13
TNK,0.29874025194961007,0.996,0.132762,0.040858849273716615,0.044,2025-04-13
TNON,-2.25,36.0,-0.115702,0.08303796739315306,0.044,2025-04-13
TNYA,-0.15324076238565,0.09833000000000003,0.308824,0.09336760615334372,0.044,2025-04-13
TOI,-0.7000000000000001,0.07,0.222936,0.13062816872465438,0.044,2025-04-13
TOST,0.7220347059524282,0.18183,-0.17679,0.050905123792299764,0.044,2025-04-13
TOWN,0.49606299212598415,0.31499999999999995,0.018692,0.037016967144160653,0.044,2025-04-13
TPB,0.5590673942314508,0.23667000000000005,0.056893,0.15030516297157856,0.044,2025-04-13
TPG,0.5290937389072442,0.19377000000000005,0.021249,0.10239301071289741,0.044,2025-04-13
TPIC,-6.791666666666667,1.6300000000000001,0.095285,0.04051647544321081,0.044,2025-04-13
TPL,0.169518501290157,0.8126699999999998,0.071291,0.11896309068664826,0.044,2025-04-13
TPVG,-0.256338028169014,0.11374999999999996,-0.07205,0.09850084134434896,0.044,2025-04-13
TRC,1.375,0.22,0.045533,0.07218914618233584,0.044,2025-04-13
TRDA,2.386340468909276,1.75575,0.086317,0.10000547715669238,0.044,2025-04-13
TRMB,0.13252115387726693,0.08190999999999993,0.178838,0.08966936129656002,0.044,2025-04-13
TRN,0.9701492537313433,0.325,0.104053,0.03671342250827354,0.044,2025-04-13
TRNS,0.4583333333333333,0.242,0.142926,0.050284104720752155,0.044,2025-04-13
TRS,0.08695652173913039,0.01999999999999999,-0.108098,0.040598458854165034,0.044,2025-04-13
TRST,0.28985507246376824,0.20000000000000007,0.027437,0.038796342161996934,0.044,2025-04-13
TRTX,-11.161120009491606,1.88143,0.166365,0.03759449146376796,0.044,2025-04-13
TRUP,0.820782862624793,0.77857,-0.170185,0.043545347702217824,0.044,2025-04-13
TRVG,-21.054487664598152,2.78214,-0.071429,0.04921993138332385,0.044,2025-04-13
TRVI,0.150259067357513,0.07250000000000001,-0.142424,0.18675747515322988,0.044,2025-04-13
TRVN,0.5828571428571429,25.5,0.158438,0.06391960733702468,0.044,2025-04-13
TS,-0.3621510230116285,0.5166700000000001,0.087025,0.056882950341744815,0.044,2025-04-13
TSBX,-1.5158069883527454,4.555,0.104727,0.07009920630872778,0.044,2025-04-13
TSCO,0.6056352618221371,0.11693,0.044127,0.027572680116128397,0.044,2025-04-13
TSE,-1.249811888638074,1.6610000000000003,-0.211382,0.049706765701933255,0.044,2025-04-13
TSEM,0.18705889970431447,0.08667000000000002,0.420767,0.07620236414783776,0.044,2025-04-13
TSHA,-0.2214329336890489,0.06889,1.882273,0.3523631430099173,0.044,2025-04-13
TSLA,0.4256133034042157,0.32043999999999995,-0.121841,0.040062501749043467,0.044,2025-04-13
TSLX,0.3062098501070663,0.14299999999999996,-0.011323,0.12493691244567669,0.044,2025-04-13
TSVT,-0.559883154819864,1.1500000000000004,-0.127898,0.06868119695249746,0.044,2025-04-13
TTC,-0.23387096774193553,0.29000000000000004,-0.126943,0.05415635350565653,0.044,2025-04-13
TTD,-0.01327149834722975,0.002689999999999998,0.362202,0.07369951335091053,0.044,2025-04-13
TTGT,0.31782945736434115,0.16400000000000003,-0.152553,0.0773078090741392,0.044,2025-04-13
TTMI,0.6463414634146342,0.21200000000000002,0.223538,0.05564570241715872,0.044,2025-04-13
TTNP,0.6705882352941177,11.4,0.021459,0.12748756949745316,0.044,2025-04-13
TTOO,0.4,300.0,0.235294,0.06497060384150394,0.044,2025-04-13
TTWO,0.4392991239048809,0.7019999999999997,0.058652,0.061417674625217133,0.044,2025-04-13
TUSK,-45.33333333333333,1.3599999999999999,-0.053435,0.032846310375621794,0.044,2025-04-13
TUYA,0.22222222222222213,0.01999999999999999,-0.182432,0.06211262061165406,0.044,2025-04-13
TWFG,108.06826838558453,14.75348,-0.041065,0.12072061229833266,0.044,2025-04-13
TWO,-0.8954946586158848,0.7712,-0.090313,0.03284446875542817,0.044,2025-04-13
TXN,0.6838656093204237,0.60107,0.019208,0.05464198047398734,0.044,2025-04-13
TXRH,-0.6050688553865174,0.35238,0.035851,0.09139786328360872,0.044,2025-04-13
TXT,0.20454095439244926,0.24791999999999992,0.118713,0.03563803278205046,0.044,2025-04-13
TYGO,-0.40845903578822823,0.09666999999999998,-0.43615,0.21109917573022727,0.044,2025-04-13
TYL,0.11380116890501615,0.1941299999999999,0.089501,0.046053496271435894,0.044,2025-04-13
TYRA,-1.4827586206896552,0.43,0.199172,0.06909793782058635,0.044,2025-04-13
UAL,0.259152493513981,0.899,0.121049,0.058893435514953824,0.044,2025-04-13
UBER,-4.1199137698733495,1.07023,0.189024,0.05014308435882491,0.044,2025-04-13
UBSI,0.5748031496062993,0.29200000000000004,0.045179,0.02398015631270334,0.044,2025-04-13
UBX,0.5324675324675324,2.05,0.243902,0.1369588925570776,0.044,2025-04-13
UCTT,0.5883100381194409,0.2778,0.241338,0.06304845514769121,0.044,2025-04-13
UDMY,3.6315789473684212,0.069,0.380266,0.08071837837328995,0.044,2025-04-13
UEIC,-0.4334788262711319,0.33666999999999997,-0.330061,0.07959033700789162,0.044,2025-04-13
UFCS,-12.64102564102564,2.465,-0.006955,0.19317605054844447,0.044,2025-04-13
UFPI,0.5752165922814386,1.0955,-0.067838,0.019803734495405977,0.044,2025-04-13
UFPT,1.7089947089947093,1.6150000000000002,0.126629,0.04177798201379506,0.044,2025-04-13
UGI,0.20121951219512202,0.33000000000000007,-0.064117,0.04357409518472611,0.044,2025-04-13
UGP,-0.299937772246422,0.019280000000000005,0.166667,0.046255318801665994,0.044,2025-04-13
UGRO,-2.000075001875047,0.26667,0.264901,0.06857540148646378,0.044,2025-04-13
ULBI,6.249999999999999,0.24999999999999997,0.525355,0.1038642486080718,0.044,2025-04-13
ULCC,1.0,0.22975,0.207767,0.039731076091033705,0.044,2025-04-13
ULS,0.2919896640826873,0.11299999999999999,0.101111,0.04565605001794559,0.044,2025-04-13
ULTA,1.0842508475270647,2.1172600000000004,0.051772,0.045230227482472456,0.044,2025-04-13
UNCY,-1.6040268456375837,0.5974999999999999,0.021898,0.07749728009705371,0.044,2025-04-13
UNF,-0.10399999999999991,0.1299999999999999,-0.033305,0.4785714048297851,0.044,2025-04-13
UNM,0.5619250112442244,0.6871499999999999,0.145727,0.041367139576707034,0.044,2025-04-13
UNP,0.1330698287220026,0.25249999999999995,0.040975,0.07554697855939732,0.044,2025-04-13
UNTY,0.13068379952025197,0.12367000000000006,0.065837,0.02902336980048235,0.044,2025-04-13
UPLD,1.4881516587677723,0.2512,-0.032967,0.626093975307138,0.044,2025-04-13
UPS,0.9863473589973143,1.05768,0.143758,0.03859177623673206,0.044,2025-04-13
UPWK,22.310023310023308,0.09571,0.442327,0.08960863678640055,0.044,2025-04-13
URBN,1.8789773726110648,0.7481899999999999,0.213942,0.06228845103692485,0.044,2025-04-13
URG,0.20000000000000004,0.005000000000000001,0.0,0.4927602207725957,0.044,2025-04-13
URGN,-0.09375000000000008,0.07800000000000007,-0.044545,0.4938681916310876,0.044,2025-04-13
USCB,-0.785716472280895,0.25667,0.036226,0.06461122898015935,0.044,2025-04-13
USDP,-5.5,0.11,-0.383436,0.08339424519454372,0.044,2025-04-13
USEA,-1.5000000000000002,0.30000000000000004,-0.047756,0.0755972271866955,0.044,2025-04-13
USEG,-25.0,0.75,0.078261,0.10719017363164664,0.044,2025-04-13
USFD,-0.09692956050571946,0.016100000000000003,0.289451,0.07749704157857308,0.044,2025-04-13
USM,-0.7500000000000001,0.15000000000000002,0.929143,0.17523874603628273,0.044,2025-04-13
USNA,0.4314720812182741,0.42499999999999993,0.197331,0.04014073699248689,0.044,2025-04-13
USPH,5.722222222222222,1.03,0.06695,0.032550088349988106,0.044,2025-04-13
UTHR,-0.7926228114907361,2.3315,-0.028349,0.04251391153487964,0.044,2025-04-13
UTL,1.0,0.15,0.040926,0.09711868054385538,0.044,2025-04-13
UTRS,12.068181818181818,106.2,-0.033333,0.07397527397471054,0.044,2025-04-13
UTSI,-2.3333333333333335,0.28,-0.036866,0.15291556917267612,0.044,2025-04-13
UTZ,2.5912504080966374,0.23811000000000002,-0.047417,0.05960916807276045,0.044,2025-04-13
UUUU,0.3333333333333333,0.019999999999999997,-0.170392,0.14361803587245606,0.044,2025-04-13
UVSP,0.8339529120198268,0.5047500000000001,0.047261,0.027762038484917817,0.044,2025-04-13
UXIN,-8.0,608.0,-0.082278,0.02586285665974227,0.044,2025-04-13
VAXX,0.5833333333333334,0.21,-0.299296,0.06384608866682344,0.044,2025-04-13
VBTX,-0.8253275109170305,0.378,0.071986,0.06561338630867915,0.044,2025-04-13
VCNX,0.4,63.0,0.082192,0.03496517778684345,0.044,2025-04-13
VCYT,-1.7961535838505078,0.26337,0.100218,0.0856368747368785,0.044,2025-04-13
VECO,0.02156388105443158,0.009709999999999996,-0.023954,0.6251372639113545,0.044,2025-04-13
VEEV,0.05533504552883474,0.0592499999999998,0.0467,0.651554763055458,0.044,2025-04-13
VEL,-0.43827160493827155,0.21299999999999997,-0.359894,0.07158846882089001,0.044,2025-04-13
VERA,-5.287917737789203,10.285,0.111579,0.039072435689371875,0.044,2025-04-13
VERV,-12.591836734693878,6.17,-0.105537,0.03198980311065965,0.044,2025-04-13
VERX,0.14770018539772234,0.01673000000000001,0.322047,0.07343358021802138,0.044,2025-04-13
VFC,0.605608927185635,0.22630999999999996,0.270111,0.06125679023641903,0.044,2025-04-13
VFF,-4.68421052631579,0.44500000000000006,0.054085,0.059812363112168934,0.044,2025-04-13
VFS,-0.5348837209302326,0.11500000000000002,-0.075758,0.0936066897060207,0.044,2025-04-13
VGZ,0.0,0.0,-0.021084,0.42649299984606615,0.044,2025-04-13
VICI,1.1893491124260354,0.40199999999999997,0.008787,0.11323152765993386,0.044,2025-04-13
VIGL,0.12154210796744734,0.07333,-0.238636,0.07676311037720479,0.044,2025-04-13
VINP,0.21658986175115216,0.2350000000000001,0.00868,0.10127449369487945,0.044,2025-04-13
VIOT,-1.3225806451612903,2.46,0.091549,0.05760943053889913,0.044,2025-04-13
VIPS,0.667262969588551,1.8650000000000002,-0.036925,0.0687837575870079,0.044,2025-04-13
VIRT,0.6337775499743722,0.7913600000000001,-0.024527,0.052577718309994984,0.044,2025-04-13
VKTX,0.25925925925925924,0.07,0.283079,0.07064164610008516,0.044,2025-04-13
VLCN,-4.907407407407407,477000.0,-0.178707,0.048559878603888135,0.044,2025-04-13
VLN,0.8062015503875969,0.0832,0.174923,0.09230322400596602,0.044,2025-04-13
VLO,0.18523959367983503,1.7754399999999997,-0.037171,0.04730208845771045,0.044,2025-04-13
VLRS,31.261969286359534,0.6921400000000001,0.072867,0.02729178123266843,0.044,2025-04-13
VMC,0.1973480570544192,0.37744,-0.015253,0.0818487168619944,0.044,2025-04-13
VMEO,0.29113924050632906,0.028749999999999998,-0.300685,0.061740965183236594,0.044,2025-04-13
VNCE,-6.368421052631579,1.21,-0.090786,0.049063177560854744,0.044,2025-04-13
VNDA,1.0,0.04,-0.219399,0.13350431918581768,0.044,2025-04-13
VNET,-11.310077519379844,14.59,-0.097222,0.1193021731937018,0.044,2025-04-13
VNO,-3.575,1.4300000000000002,0.045851,0.042890376533831855,0.044,2025-04-13
VNOM,1.0442676875615606,0.5619100000000001,0.032534,0.06340839090820398,0.044,2025-04-13
VNRX,0.15789473684210525,0.015,0.047368,0.49094173076427006,0.044,2025-04-13
VOR,-48.46698296665431,213.09333,0.103431,0.068370568578003,0.044,2025-04-13
VOXR,,0.0,0.03,0.07975515177381401,0.044,2025-04-13
VOYA,1.1867483052700631,1.2482099999999998,-0.024084,0.10212238313201585,0.044,2025-04-13
VRA,1.285714285714286,0.11250000000000002,0.019565,0.6496867209944175,0.044,2025-04-13
VRAR,-8.785714285714285,1.23,-0.433846,0.11264012378040648,0.044,2025-04-13
VRCA,-0.335149863760218,0.123,-0.442308,0.10757810423012112,0.044,2025-04-13
VREX,-0.6551724137931034,0.22799999999999998,-0.326091,0.06923456926019621,0.044,2025-04-13
VRNA,-1.9830508474576272,0.585,-0.040913,0.11307551615888635,0.044,2025-04-13
VRNS,-0.13956289795215968,0.00811,-0.354875,0.07805562261931333,0.044,2025-04-13
VRNT,0.16528465033016382,0.0978699999999999,0.007223,0.6511249084260828,0.044,2025-04-13
VRRM,0.1780164016129764,0.03929000000000002,-0.010251,0.7184565026714577,0.044,2025-04-13
VRSK,0.20961943511618256,0.24780999999999986,-0.018913,0.06874548286827153,0.044,2025-04-13
VRSN,0.18245888801879415,0.2330000000000001,0.043096,0.02941117767499116,0.044,2025-04-13
VSAT,0.6403120387940122,6.074,-0.021919,0.17052479935742332,0.044,2025-04-13
VSH,0.424706943192065,0.23550000000000004,0.167849,0.07305819308003278,0.044,2025-04-13
VSTM,4.076923076923077,2.12,0.07377,0.09853108009627211,0.044,2025-04-13
VSTS,-0.4083109553502344,0.08970999999999998,-0.449919,0.10000934029554594,0.044,2025-04-13
VTMX,2.425746935179974,0.9913299999999999,0.00057,0.06527679954671389,0.044,2025-04-13
VTRU,3.519509476031215,3.157,0.093342,0.037333481793154315,0.044,2025-04-13
VTS,1.2881355932203393,0.30400000000000005,-0.034741,0.07779878823156443,0.044,2025-04-13
VTVT,1.3636363636363635,3.0,0.067511,0.07187625714266138,0.044,2025-04-13
VTYX,-0.02729018714547324,0.024440000000000017,-0.806246,0.15233679924966617,0.044,2025-04-13
VUZI,-0.09677419354838718,0.015000000000000013,-0.313433,0.07917982670660831,0.044,2025-04-13
VVOS,-4.333333333333333,17.875,0.106928,0.04385616875761823,0.044,2025-04-13
VVV,-0.1666666666666667,0.04600000000000001,0.121645,0.0587984496906407,0.044,2025-04-13
VYGR,12.869281045751634,2.46125,-0.232143,0.0644265046836902,0.044,2025-04-13
WASH,0.9091195960870936,0.5761999999999999,0.136721,0.036090184743224375,0.044,2025-04-13
WAT,0.26483144821468174,0.76424,0.083702,0.029949203803514565,0.044,2025-04-13
WATT,0.0955555043014968,0.08285999999999993,-0.083333,0.05637620360693893,0.044,2025-04-13
WAY,3.2497187851518556,0.05778,0.104727,0.07804201238346367,0.044,2025-04-13
WBTN,1.5263157894736843,0.638,-0.054654,0.11260111669573832,0.044,2025-04-13
WDAY,0.5829097226690688,0.45294999999999996,0.091263,0.056191794559861036,0.044,2025-04-13
WDC,0.4301036825169825,0.6496200000000001,0.032799,0.04790350162177814,0.044,2025-04-13
WDFC,0.6747809152872445,0.6930000000000001,0.116777,0.05975460510716091,0.044,2025-04-13
WEAV,0.3641103904362203,0.028630000000000003,0.255868,0.09752471455481794,0.044,2025-04-13
WERN,-0.15516755843424387,0.15979,-0.022791,0.13969452852010814,0.044,2025-04-13
WGO,0.55628566487982,1.2546299999999997,0.017729,0.23961721733958208,0.044,2025-04-13
WHR,0.6442358943120384,2.70744,-0.037688,0.02235569324016593,0.044,2025-04-13
WK,-17.129032258064516,0.6903,-0.048197,0.04756130284325752,0.044,2025-04-13
WLDN,1.105263157894737,0.42000000000000004,0.243325,0.06987933704496246,0.044,2025-04-13
WLKP,1.0172910662824206,0.4236,-0.002704,0.0954457704688665,0.044,2025-04-13
WMB,0.6561342340379168,0.30110000000000003,0.015096,0.05802728766120275,0.044,2025-04-13
WMPN,-0.20000000000000004,0.010000000000000002,-0.019571,0.21230617154584805,0.044,2025-04-13
WMT,-0.1227960080163566,0.06065999999999999,-0.113758,0.061149734651129765,0.044,2025-04-13
WNS,0.14526640112702305,0.14332999999999985,-0.110887,0.029021712610585167,0.044,2025-04-13
WOW,67.19672131147541,6.1485,0.031476,0.069351960393188,0.044,2025-04-13
WPRT,3.0,0.44999999999999996,0.526316,0.10010565029619028,0.044,2025-04-13
WRBY,1.0827974498385449,0.39232999999999996,-0.089748,0.04374061056367324,0.044,2025-04-13
WRLD,-0.515945283889127,3.16567,-0.094992,0.05550401710391262,0.044,2025-04-13
WSBC,0.5613722399799674,0.38111000000000006,0.051469,0.016376897300107947,0.044,2025-04-13
WSFS,1.2568269013766644,1.1138,-0.031742,0.16654128817144284,0.044,2025-04-13
WST,0.41379310344827586,0.72,0.054452,0.024063014693587386,0.044,2025-04-13
WTBA,0.27419354838709686,0.17000000000000004,0.0167,0.062264466004342114,0.044,2025-04-13
WTFC,0.8042335559028272,1.1322,-0.064413,0.033208743824067966,0.044,2025-04-13
WTTR,-51.83018867924528,2.747,0.221675,0.060554237198099395,0.044,2025-04-13
WVE,0.8110236220472441,0.515,-0.030043,0.06660047424877868,0.044,2025-04-13
WWW,7.181818181818182,0.9875,0.063165,0.042241296412422975,0.044,2025-04-13
WY,0.35440180586907455,0.0471,-0.178327,0.05049876992556783,0.044,2025-04-13
WYNN,-0.749255199934403,3.0154300000000003,0.276883,0.10933218454173439,0.044,2025-04-13
X,-0.17514559586666353,0.7728999999999995,-0.096244,0.02672712619391038,0.044,2025-04-13
XBIO,2.7419354838709675,4.25,0.079412,0.047800564913990436,0.044,2025-04-13
XBIT,98.26666666666667,14.74,0.138358,0.09724575848259502,0.044,2025-04-13
XCUR,-1.8421052631578947,26.25,-0.300912,0.08509088876211486,0.044,2025-04-13
XELA,-13.6,24480.0,0.879524,0.2017742699079331,0.044,2025-04-13
XELB,0.5384615384615385,0.07,0.562481,0.1060085660182551,0.044,2025-04-13
XENE,0.06661648475724503,0.04425000000000001,0.00247,0.7960722888301159,0.044,2025-04-13
XERS,-0.08465608465608473,0.09600000000000009,-0.317391,0.09818776946904213,0.044,2025-04-13
XGN,0.35616438356164387,0.26,0.42381,0.10381875629975422,0.044,2025-04-13
XHR,1.098061065299755,2.4635000000000002,0.049813,0.05713215244596812,0.044,2025-04-13
XIN,-0.30303030303030304,2.0,0.147679,0.047026395746835675,0.044,2025-04-13
XM,0.2140833670578713,0.0052899999999999996,0.32917,0.06892784522009186,0.044,2025-04-13
XMTR,0.92,0.115,0.404741,0.11309291420727985,0.044,2025-04-13
XNCR,2.5432372505543235,1.4337499999999999,-0.032538,0.054170461896620774,0.044,2025-04-13
XOMA,4.138192550528635,1.10767,0.045148,0.3274139837435248,0.044,2025-04-13
XPEL,0.16883116883116886,0.07800000000000001,0.47685,0.09085458898780761,0.044,2025-04-13
XPER,1.2323352597798625,0.42433000000000004,0.144543,0.06694985971211816,0.044,2025-04-13
XPEV,0.5388608947930982,1.7645000000000002,-0.077922,0.061469864840272836,0.044,2025-04-13
XPL,-0.4999999999999999,0.009999999999999998,-0.008068,0.20633806892048343,0.044,2025-04-13
XPOF,-11.839328537170262,1.2342499999999998,0.161188,0.06936290858082467,0.044,2025-04-13
XPON,-0.3,6.0,0.069825,0.045591126189354014,0.044,2025-04-13
XRAY,1.1091069348695188,0.35233000000000003,0.123743,0.0725543935008878,0.044,2025-04-13
XRX,1.852983988355167,0.31825,0.136865,0.049147906651272256,0.044,2025-04-13
XYF,-2.4787691007675514,0.70402,-0.015963,0.4784841946397985,0.044,2025-04-13
XYL,0.2216100321607538,0.17777999999999994,-0.032834,0.04561111835820298,0.044,2025-04-13
YALA,0.14285714285714277,0.01999999999999999,0.216146,0.1529627338660351,0.044,2025-04-13
YELP,0.9708735036262488,0.33333,0.192565,0.07015379005316151,0.044,2025-04-13
YETI,0.07819479385942395,0.04569000000000001,0.315755,0.11601709141549146,0.044,2025-04-13
YEXT,0.7999999999999998,0.039999999999999994,0.384375,0.0862260640842073,0.044,2025-04-13
YJ,-3.1428571428571432,17.6,-0.121673,0.03955902006422197,0.044,2025-04-13
YMAB,1.0657534246575342,0.48624999999999996,0.522796,0.12994355125730866,0.044,2025-04-13
YORW,-0.13333333333333328,0.03999999999999998,0.239607,0.11890007544816301,0.044,2025-04-13
YOU,0.625,0.15,0.168276,0.05963816838634781,0.044,2025-04-13
YPF,-4.867038987894133,5.97833,-0.036572,0.06391321715149235,0.044,2025-04-13
YQ,0.12594696969696967,6.649999999999999,-0.07463,0.02070117293584334,0.044,2025-04-13
YRD,2.4444444444444446,3.08,-0.09417,0.36887184985662475,0.044,2025-04-13
YSG,0.5089683896719236,3.78333,-0.104494,0.08256144994032254,0.044,2025-04-13
YTRA,0.3333333333333333,0.03,0.206185,0.07973742604266358,0.044,2025-04-13
YUM,0.5589353612167299,0.29399999999999993,-0.00011,0.06989174159660765,0.044,2025-04-13
YUMC,0.4986967854039965,0.22959999999999997,-0.011985,0.719476917637677,0.044,2025-04-13
ZBIO,0.46183533447684394,4.308,-0.019372,0.14465988977052063,0.044,2025-04-13
ZBRA,0.17368421052631583,0.6600000000000001,0.099679,0.05805764633095073,0.044,2025-04-13
ZDGE,2.0,0.08,0.617834,0.11447987106479769,0.044,2025-04-13
ZEAL,-0.8904109589041095,5.199999999999999,0.129739,0.04559413377572559,0.044,2025-04-13
ZEN,0.1506849315068493,0.10999999999999999,0.107361,0.037580171002607264,0.044,2025-04-13
ZENV,-23.080000000000002,1.1540000000000001,-0.298246,0.06066208585763127,0.044,2025-04-13
ZEUS,0.4368439958473631,1.1066700000000003,0.067237,0.041743976764279336,0.044,2025-04-13
ZH,0.4074793589120932,2.5169999999999995,0.220588,0.056217593091028216,0.044,2025-04-13
ZI,0.22137404580152661,0.04349999999999998,-0.291724,0.07649543647002997,0.044,2025-04-13
ZIMV,0.8148148148148147,0.21999999999999997,0.313352,0.07731697259612566,0.044,2025-04-13
ZION,0.6124031007751938,0.79,0.052411,0.018136318417958392,0.044,2025-04-13
ZK,0.4703950852663913,0.66615,0.107096,0.05264535634864221,0.044,2025-04-13
ZKH,-19.0,0.38,-0.018182,0.10616407940284535,0.044,2025-04-13
ZLAB,-0.6708860759493671,1.06,-0.054951,0.04566518976079939,0.044,2025-04-13
ZM,1.0295162250998215,0.46669000000000005,0.407844,0.08475086375297178,0.044,2025-04-13
ZS,0.2667156079515193,0.18528999999999995,-0.186656,0.06343849846025372,0.044,2025-04-13
ZTO,-0.274686560978137,0.66275,0.102384,0.03471941481617942,0.044,2025-04-13
ZUMZ,-7.603053435114504,1.992,-0.076714,0.07406844818825288,0.044,2025-04-13
ZURA,-4.310739044066972,1.06333,0.037975,0.05202733179389201,0.044,2025-04-13
ZVIA,0.5656069285694892,0.20833,-0.211429,0.07580230047265897,0.044,2025-04-13
ZVSA,-5.392523364485982,115.4,0.087892,0.05122377467247368,0.044,2025-04-13
